/*
 Navicat Premium Data Transfer

 Source Server         : localhost-mysql
 Source Server Type    : MySQL
 Source Server Version : 80100
 Source Host           : 127.0.0.1:3306
 Source Schema         : flowable-test

 Target Server Type    : MySQL
 Target Server Version : 80100
 File Encoding         : 65001

 Date: 01/09/2023 20:53:22
*/

SET NAMES utf8mb4;
SET FOREIGN_KEY_CHECKS = 0;

-- ----------------------------
-- Table structure for act_evt_log
-- ----------------------------
DROP TABLE IF EXISTS `act_evt_log`;
CREATE TABLE `act_evt_log`  (
  `LOG_NR_` bigint NOT NULL AUTO_INCREMENT,
  `TYPE_` varchar(64) CHARACTER SET utf8mb3 COLLATE utf8mb3_bin NULL DEFAULT NULL,
  `PROC_DEF_ID_` varchar(64) CHARACTER SET utf8mb3 COLLATE utf8mb3_bin NULL DEFAULT NULL,
  `PROC_INST_ID_` varchar(64) CHARACTER SET utf8mb3 COLLATE utf8mb3_bin NULL DEFAULT NULL,
  `EXECUTION_ID_` varchar(64) CHARACTER SET utf8mb3 COLLATE utf8mb3_bin NULL DEFAULT NULL,
  `TASK_ID_` varchar(64) CHARACTER SET utf8mb3 COLLATE utf8mb3_bin NULL DEFAULT NULL,
  `TIME_STAMP_` timestamp(3) NOT NULL DEFAULT CURRENT_TIMESTAMP(3),
  `USER_ID_` varchar(255) CHARACTER SET utf8mb3 COLLATE utf8mb3_bin NULL DEFAULT NULL,
  `DATA_` longblob NULL,
  `LOCK_OWNER_` varchar(255) CHARACTER SET utf8mb3 COLLATE utf8mb3_bin NULL DEFAULT NULL,
  `LOCK_TIME_` timestamp(3) NULL DEFAULT NULL,
  `IS_PROCESSED_` tinyint NULL DEFAULT 0,
  PRIMARY KEY (`LOG_NR_`) USING BTREE
) ENGINE = InnoDB CHARACTER SET = utf8mb3 COLLATE = utf8mb3_bin ROW_FORMAT = Dynamic;

-- ----------------------------
-- Records of act_evt_log
-- ----------------------------

-- ----------------------------
-- Table structure for act_ge_bytearray
-- ----------------------------
DROP TABLE IF EXISTS `act_ge_bytearray`;
CREATE TABLE `act_ge_bytearray`  (
  `ID_` varchar(64) CHARACTER SET utf8mb3 COLLATE utf8mb3_bin NOT NULL,
  `REV_` int NULL DEFAULT NULL,
  `NAME_` varchar(255) CHARACTER SET utf8mb3 COLLATE utf8mb3_bin NULL DEFAULT NULL,
  `DEPLOYMENT_ID_` varchar(64) CHARACTER SET utf8mb3 COLLATE utf8mb3_bin NULL DEFAULT NULL,
  `BYTES_` longblob NULL,
  `GENERATED_` tinyint NULL DEFAULT NULL,
  PRIMARY KEY (`ID_`) USING BTREE,
  INDEX `ACT_FK_BYTEARR_DEPL`(`DEPLOYMENT_ID_` ASC) USING BTREE,
  CONSTRAINT `ACT_FK_BYTEARR_DEPL` FOREIGN KEY (`DEPLOYMENT_ID_`) REFERENCES `act_re_deployment` (`ID_`) ON DELETE RESTRICT ON UPDATE RESTRICT
) ENGINE = InnoDB CHARACTER SET = utf8mb3 COLLATE = utf8mb3_bin ROW_FORMAT = Dynamic;

-- ----------------------------
-- Records of act_ge_bytearray
-- ----------------------------
INSERT INTO `act_ge_bytearray` VALUES ('7ce6e32d-48c4-11ee-950a-58112292f651', 1, '测试流程01.bpmn', '7ce6e32c-48c4-11ee-950a-58112292f651', 0x3C3F786D6C2076657273696F6E3D22312E302220656E636F64696E673D225554462D38223F3E0A3C646566696E6974696F6E7320786D6C6E733D22687474703A2F2F7777772E6F6D672E6F72672F737065632F42504D4E2F32303130303532342F4D4F44454C2220786D6C6E733A7873693D22687474703A2F2F7777772E77332E6F72672F323030312F584D4C536368656D612D696E7374616E63652220786D6C6E733A62706D6E64693D22687474703A2F2F7777772E6F6D672E6F72672F737065632F42504D4E2F32303130303532342F44492220786D6C6E733A6F6D6764633D22687474703A2F2F7777772E6F6D672E6F72672F737065632F44442F32303130303532342F44432220786D6C6E733A62696F633D22687474703A2F2F62706D6E2E696F2F736368656D612F62706D6E2F62696F636F6C6F722F312E302220786D6C6E733A666C6F7761626C653D22687474703A2F2F666C6F7761626C652E6F72672F62706D6E2220786D6C6E733A64693D22687474703A2F2F7777772E6F6D672E6F72672F737065632F44442F32303130303532342F44492220786D6C6E733A7873643D22687474703A2F2F7777772E77332E6F72672F323030312F584D4C536368656D6122207461726765744E616D6573706163653D22687474703A2F2F7777772E666C6F7761626C652E6F72672F70726F63657373646566223E0A20203C70726F636573732069643D2270726F636573735F346832307230687A22206E616D653D22E6B58BE8AF95E6B581E7A88B30312220666C6F7761626C653A70726F6365737343617465676F72793D226E756C6C223E0A202020203C73746172744576656E742069643D2273746172744E6F64653122206E616D653D22E5BC80E5A78B223E0A2020202020203C6F7574676F696E673E466C6F775F316F32706E79683C2F6F7574676F696E673E0A202020203C2F73746172744576656E743E0A202020203C656E644576656E742069643D224576656E745F3035366E64727A22206E616D653D222220666C6F7761626C653A696E69746961746F723D226E756C6C2220666C6F7761626C653A666F726D4B65793D226E756C6C223E0A2020202020203C696E636F6D696E673E466C6F775F3039786F7868683C2F696E636F6D696E673E0A2020202020203C696E636F6D696E673E466C6F775F316934793466613C2F696E636F6D696E673E0A202020203C2F656E644576656E743E0A202020203C6578636C7573697665476174657761792069643D22476174657761795F31633662796A6E22206E616D653D22E58E82E588AB223E0A2020202020203C696E636F6D696E673E466C6F775F30786E326932333C2F696E636F6D696E673E0A2020202020203C6F7574676F696E673E466C6F775F306D38796E61693C2F6F7574676F696E673E0A2020202020203C6F7574676F696E673E466C6F775F3065377A736B633C2F6F7574676F696E673E0A202020203C2F6578636C7573697665476174657761793E0A202020203C757365725461736B2069643D2241637469766974795F317968327A326922206E616D653D22E58F91E8B5B7E4BABA2220666C6F7761626C653A64617461547970653D2264796E616D69632220666C6F7761626C653A736B697045787072657373696F6E3D226E756C6C2220666C6F7761626C653A7472696767657261626C653D226E756C6C2220666C6F7761626C653A636C6173733D226E756C6C2220666C6F7761626C653A6175746F53746F72655661726961626C65733D226E756C6C2220666C6F7761626C653A6578636C7564653D226E756C6C2220666C6F7761626C653A72756C655661726961626C6573496E7075743D226E756C6C2220666C6F7761626C653A72756C65733D226E756C6C2220666C6F7761626C653A726573756C745661726961626C653D226E756C6C2220666C6F7761626C653A75736572547970653D2261737369676E65652220666C6F7761626C653A61737369676E65653D22247B494E49544941544F527D223E0A2020202020203C696E636F6D696E673E466C6F775F316F32706E79683C2F696E636F6D696E673E0A2020202020203C6F7574676F696E673E466C6F775F30786E326932333C2F6F7574676F696E673E0A202020203C2F757365725461736B3E0A202020203C757365725461736B2069643D2241637469766974795F306873686B767622206E616D653D22E4B880E58E82E58E82E995BF2220666C6F7761626C653A64617461547970653D2266697865642220666C6F7761626C653A736B697045787072657373696F6E3D226E756C6C2220666C6F7761626C653A7472696767657261626C653D226E756C6C2220666C6F7761626C653A636C6173733D226E756C6C2220666C6F7761626C653A6175746F53746F72655661726961626C65733D226E756C6C2220666C6F7761626C653A6578636C7564653D226E756C6C2220666C6F7761626C653A72756C655661726961626C6573496E7075743D226E756C6C2220666C6F7761626C653A72756C65733D226E756C6C2220666C6F7761626C653A726573756C745661726961626C653D226E756C6C2220666C6F7761626C653A61737369676E65653D2231223E0A2020202020203C696E636F6D696E673E466C6F775F306D38796E61693C2F696E636F6D696E673E0A2020202020203C6F7574676F696E673E466C6F775F3039786F7868683C2F6F7574676F696E673E0A202020203C2F757365725461736B3E0A202020203C757365725461736B2069643D2241637469766974795F3178697937626D22206E616D653D22E4BA8CE58E82E58E82E995BF2220666C6F7761626C653A64617461547970653D2266697865642220666C6F7761626C653A736B697045787072657373696F6E3D226E756C6C2220666C6F7761626C653A7472696767657261626C653D226E756C6C2220666C6F7761626C653A636C6173733D226E756C6C2220666C6F7761626C653A6175746F53746F72655661726961626C65733D226E756C6C2220666C6F7761626C653A6578636C7564653D226E756C6C2220666C6F7761626C653A72756C655661726961626C6573496E7075743D226E756C6C2220666C6F7761626C653A72756C65733D226E756C6C2220666C6F7761626C653A726573756C745661726961626C653D226E756C6C2220666C6F7761626C653A61737369676E65653D22313030223E0A2020202020203C696E636F6D696E673E466C6F775F3065377A736B633C2F696E636F6D696E673E0A2020202020203C6F7574676F696E673E466C6F775F317873666779643C2F6F7574676F696E673E0A202020203C2F757365725461736B3E0A202020203C757365725461736B2069643D2241637469766974795F3174616966326D22206E616D653D22E88081E69DBF2220666C6F7761626C653A64617461547970653D2266697865642220666C6F7761626C653A736B697045787072657373696F6E3D226E756C6C2220666C6F7761626C653A7472696767657261626C653D226E756C6C2220666C6F7761626C653A636C6173733D226E756C6C2220666C6F7761626C653A6175746F53746F72655661726961626C65733D226E756C6C2220666C6F7761626C653A6578636C7564653D226E756C6C2220666C6F7761626C653A72756C655661726961626C6573496E7075743D226E756C6C2220666C6F7761626C653A72756C65733D226E756C6C2220666C6F7761626C653A726573756C745661726961626C653D226E756C6C2220666C6F7761626C653A61737369676E65653D2233393634223E0A2020202020203C696E636F6D696E673E466C6F775F317873666779643C2F696E636F6D696E673E0A2020202020203C6F7574676F696E673E466C6F775F316934793466613C2F6F7574676F696E673E0A202020203C2F757365725461736B3E0A202020203C73657175656E6365466C6F772069643D22466C6F775F316F32706E79682220736F757263655265663D2273746172744E6F64653122207461726765745265663D2241637469766974795F317968327A326922202F3E0A202020203C73657175656E6365466C6F772069643D22466C6F775F30786E326932332220736F757263655265663D2241637469766974795F317968327A326922207461726765745265663D22476174657761795F31633662796A6E22202F3E0A202020203C73657175656E6365466C6F772069643D22466C6F775F3039786F7868682220736F757263655265663D2241637469766974795F306873686B767622207461726765745265663D224576656E745F3035366E64727A22202F3E0A202020203C73657175656E6365466C6F772069643D22466C6F775F316934793466612220736F757263655265663D2241637469766974795F3174616966326D22207461726765745265663D224576656E745F3035366E64727A22202F3E0A202020203C73657175656E6365466C6F772069643D22466C6F775F317873666779642220736F757263655265663D2241637469766974795F3178697937626D22207461726765745265663D2241637469766974795F3174616966326D22202F3E0A202020203C73657175656E6365466C6F772069643D22466C6F775F306D38796E616922206E616D653D2231E58E822220736F757263655265663D22476174657761795F31633662796A6E22207461726765745265663D2241637469766974795F306873686B76762220666C6F7761626C653A736B697045787072657373696F6E3D226E756C6C223E0A2020202020203C636F6E646974696F6E45787072657373696F6E207873693A747970653D2274466F726D616C45787072657373696F6E223E247B706C616E743D3D2731277D3C2F636F6E646974696F6E45787072657373696F6E3E0A202020203C2F73657175656E6365466C6F773E0A202020203C73657175656E6365466C6F772069643D22466C6F775F3065377A736B6322206E616D653D2232E58E822220736F757263655265663D22476174657761795F31633662796A6E22207461726765745265663D2241637469766974795F3178697937626D2220666C6F7761626C653A736B697045787072657373696F6E3D226E756C6C223E0A2020202020203C636F6E646974696F6E45787072657373696F6E207873693A747970653D2274466F726D616C45787072657373696F6E223E247B706C616E743D3D2732277D3C2F636F6E646974696F6E45787072657373696F6E3E0A202020203C2F73657175656E6365466C6F773E0A20203C2F70726F636573733E0A20203C62706D6E64693A42504D4E4469616772616D2069643D2242504D4E4469616772616D5F666C6F77223E0A202020203C62706D6E64693A42504D4E506C616E652069643D2242504D4E506C616E655F666C6F77222062706D6E456C656D656E743D2270726F636573735F346832307230687A223E0A2020202020203C62706D6E64693A42504D4E456467652069643D22466C6F775F3065377A736B635F6469222062706D6E456C656D656E743D22466C6F775F3065377A736B63223E0A20202020202020203C64693A776179706F696E7420783D223238302220793D2231363022202F3E0A20202020202020203C64693A776179706F696E7420783D223337302220793D2231363022202F3E0A20202020202020203C62706D6E64693A42504D4E4C6162656C3E0A202020202020202020203C6F6D6764633A426F756E647320783D223331362220793D22313432222077696474683D22313822206865696768743D22313422202F3E0A20202020202020203C2F62706D6E64693A42504D4E4C6162656C3E0A2020202020203C2F62706D6E64693A42504D4E456467653E0A2020202020203C62706D6E64693A42504D4E456467652069643D22466C6F775F306D38796E61695F6469222062706D6E456C656D656E743D22466C6F775F306D38796E6169223E0A20202020202020203C64693A776179706F696E7420783D223235352220793D2231383522202F3E0A20202020202020203C64693A776179706F696E7420783D223235352220793D2232333022202F3E0A20202020202020203C62706D6E64693A42504D4E4C6162656C3E0A202020202020202020203C6F6D6764633A426F756E647320783D223236322220793D22323035222077696474683D22313822206865696768743D22313422202F3E0A20202020202020203C2F62706D6E64693A42504D4E4C6162656C3E0A2020202020203C2F62706D6E64693A42504D4E456467653E0A2020202020203C62706D6E64693A42504D4E456467652069643D22466C6F775F317873666779645F6469222062706D6E456C656D656E743D22466C6F775F31787366677964223E0A20202020202020203C64693A776179706F696E7420783D223432302220793D2232303022202F3E0A20202020202020203C64693A776179706F696E7420783D223432302220793D2232333022202F3E0A2020202020203C2F62706D6E64693A42504D4E456467653E0A2020202020203C62706D6E64693A42504D4E456467652069643D22466C6F775F316934793466615F6469222062706D6E456C656D656E743D22466C6F775F31693479346661223E0A20202020202020203C64693A776179706F696E7420783D223432302220793D2233313022202F3E0A20202020202020203C64693A776179706F696E7420783D223432302220793D2234333022202F3E0A20202020202020203C64693A776179706F696E7420783D223237332220793D2234333022202F3E0A2020202020203C2F62706D6E64693A42504D4E456467653E0A2020202020203C62706D6E64693A42504D4E456467652069643D22466C6F775F3039786F7868685F6469222062706D6E456C656D656E743D22466C6F775F3039786F786868223E0A20202020202020203C64693A776179706F696E7420783D223235352220793D2233313022202F3E0A20202020202020203C64693A776179706F696E7420783D223235352220793D2234313222202F3E0A2020202020203C2F62706D6E64693A42504D4E456467653E0A2020202020203C62706D6E64693A42504D4E456467652069643D22466C6F775F30786E326932335F6469222062706D6E456C656D656E743D22466C6F775F30786E32693233223E0A20202020202020203C64693A776179706F696E7420783D223235352220793D2231303022202F3E0A20202020202020203C64693A776179706F696E7420783D223235352220793D2231333522202F3E0A2020202020203C2F62706D6E64693A42504D4E456467653E0A2020202020203C62706D6E64693A42504D4E456467652069643D22466C6F775F316F32706E79685F6469222062706D6E456C656D656E743D22466C6F775F316F32706E7968223E0A20202020202020203C64693A776179706F696E7420783D223235352220793D222D323522202F3E0A20202020202020203C64693A776179706F696E7420783D223235352220793D22323022202F3E0A2020202020203C2F62706D6E64693A42504D4E456467653E0A2020202020203C62706D6E64693A42504D4E53686170652069643D2242504D4E53686170655F73746172744E6F646531222062706D6E456C656D656E743D2273746172744E6F646531222062696F633A7374726F6B653D22223E0A20202020202020203C6F6D6764633A426F756E647320783D223234302220793D222D3535222077696474683D22333022206865696768743D22333022202F3E0A20202020202020203C62706D6E64693A42504D4E4C6162656C3E0A202020202020202020203C6F6D6764633A426F756E647320783D223234342220793D222D3739222077696474683D22323222206865696768743D22313422202F3E0A20202020202020203C2F62706D6E64693A42504D4E4C6162656C3E0A2020202020203C2F62706D6E64693A42504D4E53686170653E0A2020202020203C62706D6E64693A42504D4E53686170652069643D224576656E745F3035366E64727A5F6469222062706D6E456C656D656E743D224576656E745F3035366E64727A223E0A20202020202020203C6F6D6764633A426F756E647320783D223233372220793D22343132222077696474683D22333622206865696768743D22333622202F3E0A2020202020203C2F62706D6E64693A42504D4E53686170653E0A2020202020203C62706D6E64693A42504D4E53686170652069643D22476174657761795F31633662796A6E5F6469222062706D6E456C656D656E743D22476174657761795F31633662796A6E222069734D61726B657256697369626C653D2274727565223E0A20202020202020203C6F6D6764633A426F756E647320783D223233302220793D22313335222077696474683D22353022206865696768743D22353022202F3E0A20202020202020203C62706D6E64693A42504D4E4C6162656C3E0A202020202020202020203C6F6D6764633A426F756E647320783D223137392220793D22313533222077696474683D22323222206865696768743D22313422202F3E0A20202020202020203C2F62706D6E64693A42504D4E4C6162656C3E0A2020202020203C2F62706D6E64693A42504D4E53686170653E0A2020202020203C62706D6E64693A42504D4E53686170652069643D2241637469766974795F306D796C7476725F6469222062706D6E456C656D656E743D2241637469766974795F317968327A3269223E0A20202020202020203C6F6D6764633A426F756E647320783D223230352220793D223230222077696474683D2231303022206865696768743D22383022202F3E0A2020202020203C2F62706D6E64693A42504D4E53686170653E0A2020202020203C62706D6E64693A42504D4E53686170652069643D2241637469766974795F313969336672775F6469222062706D6E456C656D656E743D2241637469766974795F306873686B7676223E0A20202020202020203C6F6D6764633A426F756E647320783D223230352220793D22323330222077696474683D2231303022206865696768743D22383022202F3E0A2020202020203C2F62706D6E64693A42504D4E53686170653E0A2020202020203C62706D6E64693A42504D4E53686170652069643D2241637469766974795F306369317879775F6469222062706D6E456C656D656E743D2241637469766974795F3178697937626D223E0A20202020202020203C6F6D6764633A426F756E647320783D223337302220793D22313230222077696474683D2231303022206865696768743D22383022202F3E0A2020202020203C2F62706D6E64693A42504D4E53686170653E0A2020202020203C62706D6E64693A42504D4E53686170652069643D2241637469766974795F317679736465755F6469222062706D6E456C656D656E743D2241637469766974795F3174616966326D223E0A20202020202020203C6F6D6764633A426F756E647320783D223337302220793D22323330222077696474683D2231303022206865696768743D22383022202F3E0A2020202020203C2F62706D6E64693A42504D4E53686170653E0A202020203C2F62706D6E64693A42504D4E506C616E653E0A20203C2F62706D6E64693A42504D4E4469616772616D3E0A3C2F646566696E6974696F6E733E0A, 0);
INSERT INTO `act_ge_bytearray` VALUES ('7cf932ae-48c4-11ee-950a-58112292f651', 1, '测试流程01.process_4h20r0hz.png', '7ce6e32c-48c4-11ee-950a-58112292f651', 0x89504E470D0A1A0A0000000D49484452000001E000000201080600000091246C2F000021364944415478DAEDDD0D6C54E7B92770DF86A857ABABCDAD54D4ADDAA8CD2ECA4651145D75899AA81F9AAD92DBE42A52D215C43610B0681468B610431BA54A8A40A451F3D136801335C9B241456CB608A5847AB924C163C02E815D2822040A8DB77C9418277611612938C42467CF3BD7C7776CCF187FCC8C3FE6F7931ED99E191B72FCE4F9F39E73E69C8A0A60428BA2E86F0F1C3830EF57BFFAD58E279E78E2ECC2850BBB6A6A6AA2AAAAAA68D6AC599F7CEF7BDFBBF8E8A38F1E7DF2C927D7C5F51F6D31001861F0BEF2CA2B6B1F7BECB1AEDADADAE885175E8876EFDE1DB5B6B6469D9D9D51103EB6B7B747BFFFFDEFA338A0A3071F7CF093458B161DBFFFFEFBEFB305016088E2A09DFB939FFCE4C3871E7A2813AE972E5D8A066BFFFEFDD18F7EF4A34BF3E6CD3B3C7DFAF429B626005C7ED53B69D3A64D8DF3E7CF8FEAEBEB8714BC7DBDF6DA6BD1DCB9732F580D03C065C277FBF6EDFF67C18205D13BEFBC1315C2F1E3C7A338CC2FDC77DF7DFFD51606801CC2CA37846F38A65B48E1E7C5ABE073D5D5D5B36C6500C8128EF986DDCE855AF9E65A09CF9E3DFB4C1CC2D7D9DA0050F12F673B2F5FBEFC6238E65B4C9B376FBE3073E6CC5DB63800C4366EDCF83FC2D9CE1F7DF451546C0F3CF0C07B76450360F51BAF7EC3FB7CC35B8D4AE1ADB7DEBA68150C40D90B57B80A275E8DE4ED46433577EEDCF7AAAAAABE6CEB0350B6C2E52557AF5E1D95D233CF3CB33F0EE01FDAFA0094AD706DE77079C9527AF3CD378FC7015C6FEB0350B6C28D15DADADA4A1AC0EFBDF75E7B1CC0276D7D00CA56B8AB5172638552097F5E1CC09DB63E00652BDC527034843FD7D607A06CCD9933E79352AF802F5CB8F09E153000656DC18205174B7D0CF8D4A9537F740C1880B2B664C99296529F05FDFAEBAFFFB3B3A001286B4F3FFDF4EA52BF0F78E9D2A59BBD0F1880B2F6E31FFFF83F7CFFFBDFFFB88457C2EA9C3163C69F5C090B80B2B778F1E2FF5BAA6B41BFFEFAEBEBE2F06DB6D501287BDFFDEE77A7FFE0073FE82AC12AF84CBCFADDE76E4800D06DDEBC79078A7D3FE070BC39AC7E53A9D4245B1C002A3217E4F8F2DCB9732FBCF3CE3B4509DF03070E6C8AFF8CB678F57B9DAD0D005966CD9A35335E099F6F6F6F2F68F8BEFBEEBBBF9B3163C609BB9E01208F993367CEBDFFFEFBCF156A251C56BE217C2B2B2B7F64EB02C000E2B0AC8A57C3675F7DF5D5BF8EE0C4AC333FFFF9CFD784DDCE71D5D8AA003008E19870BC724DCF9B37EFBD7DFBF65D18CAFB7CDF78E38DFF1907F89E70C29563BE0030BC209E1682B8A6A6A6FD89279E38F4BBDFFDEE446B6B6B5B720387706385706DE7868686FFB56CD9B22D3367CE3C1A8237AC7A9DED0C00231407EB17E3D56C6D1CAC1BE23A16EE66146E29D8FDF164B8B673B8BCA42B5C0140F157C7EEE90B000218000430002080014000030002180004300020800140000300021800043000086000400003800006000430000860004000038000060004300008600010C00080000600010C0008600010C00080000600010C0008600010C00020800100010C0002180010C000208001805C615B1F02F732B5C7960280C206F0D4B8BA060AE0CACACA3B6D2900287C086F19208077A552A949B612001467159C3380ABABABEFB68500A078219CEB58F01EAB5F0028FE2AB8CBB15F0028B13870375AFD0240E903F8E6AC63BFB7DB22005022C9B160AB5F00286D004F75252C00C695288A261D3D7A74C3EEDDBB3F4EA7D3D1D6AD5B5589ABA1A1216A6A6AFA4B5CB37424409908E1DBDCDC1CB5B7B747172F5E54A3541D1D1DD18E1D3BCEC6613C4D57029481B0F215BE6326842FC62BE2C3BA12A00C84DDCEC26FEC541CC05DBA12A00C846390826F4C05B093C90004F0BFD65F3F688B8EEE59131D6A589EA9F079784C680A60008A14C0E7CEB446075F5F12BDB5F9A15E151E0BCF094E010C401102F8E4A1DFF60BDFA4DE3D542F38053000C508E0C3DB9ECC1BC0E139C12980012842001FDCBA2C6F0087E704A7000640000B600026460087B39EF30570784E700A60008A10C02D3B9FCD1BC0E139C12980012842009F6E3D101D7C6369FFDDCFF163E139C1298001284200873AB6776DBF000E8F094D010C40B102F8C30FA396377FD97FF773FC58784E700A60000A1CC0E14A57EFECACCB7B0C383CE76A58021880420570BCB26D6B698CDE7EED91BCE19B54784D78ADD5B000066004017CB955AFD5B00006A008013C9855EF40AB61412A80011846000F377C9312A40218806104B012C0000860010C800056021800012C800110C04A00032080053000025809600004B0000640002B010C208095000640000B600004B012C0000860010C800056021800012C800110C04A00032080053000025809600001AC0430000258000320808B5FE9743A3A7BF66CB465CB96104251676767545F5F1FEDD8B123EFF75C79E595D17DF7DD37E43F2BFCFC193366086000CA3B8043D88650DCB76F5F3465CA94E8A69B6EEA1596DFFEF6B77BBD3EBC6ED3A64DD115575C113DFEF8E399D71C3B762CBAE38E3B328FDF76DB6DD1FCF9F3070CE06F7DEB5B021880F20EE0152B56644271E3C68D998F21404390CE9E3D3BF371EDDAB599C70F1C38D013D84990D6D4D4F40AF2F031ACA2AFBAEAAA010378F2E4C9021880F20EE023478EF40AC7F5EBD7E77DEDE9D3A7A36F7EF39BBD56C05FF8C217A2575E7925BAE79E7B328F7FFEF39F8FEEBAEBAE0157DB9FFEF4A7053000E51DC0499D3F7F3E138E611774B2FA0DBB8AE7CE9DDBEB75E7CE9DCB7CBCF1C61BA3AF7CE52B99CF4F9D3A95F9DE3367CE64023D3BD4B36BD7AE5D99D77DE6339FE959310B6000CA3A80C3CAF7A5975ECAEC42CE5E11D7D6D6F67A5D38392B1C2BDEB06143F4A52F7D295361F774786D12CEE184AE818EFF6EDBB62DF3B90006A0EC03B8A2FB38EFDEBD7B3301D91D48FD56AAD75C734DE67871D8E59CAC8E9315F0C99327335F87D573BEDDCF21E4933FEF89279E10C000946F005F7DF5D5BD8EDB2E5DBAB457A0F60DEA10C261059C046D58F186C7C36AF8F9E79FCF7CBE72E5CA7EDF17766D275FEFDFBF3FF35838C94B00035076017CF0E0C19E956EA810A2D75F7F7DCFD9CF0F3CF040AF5570782CF99E50E13DC4C9AEE7BE2BDEECEFF9CE77BED3EF35EBD6ADCB3C974AA532C7A00530006511C0E1A4A96F7CE31B514B4B4BB473E7CE4CF066AF7A3B3A3AA2C71E7B2C13929B376FCEEC9E3E71E244AF55EC534F3D95D91D1DDE077CEDB5D7F6047338633AFCACCF7DEE73995DD6F9FE0EC9C53F467B7B08600001AC04300002580003208095000640000B600004B012C0000860010C800056021800012C800110C04A0003086025800110C002180001AC04300002580003208095000640000B600004B012C0000860010C800056021840002B010C800016C000086025800110C002180001AC04300002580003208095000640000B600046553A9D167C63A73AE300EED2950065A0A9A9A9ADBDBD5DF88D816A6D6DFD751CC08775254019686C6CBC6BFBF6ED1FBCFFFEFB1784E0E8AD7C43F83634349C886B9AAE042813F1D0BF335E79ED09BB3FC331C8F158555555D178FDBB776FF7C3C21780712704B0AD000002180004300020800140000300021800043000208001400003800016C00020800140000300021800043000208001400003000218000430002080014000332251144D3A7AF4E886DDBB777F9C4EA7A3AD5BB7AA1257434343D4D4D4F497B866E9484000978910BECDCDCD517B7B7B74F1E245354AD5D1D111EDD8B1E36C1CC6D374252080CB4058F90ADF3113C217E315F1615D0908E03210763B0BBFB153710077E94A40009781700C52F08DA900F6FF16D013B6F521702F537B6CA9891DC07FFDA02D3ABA674D74A86179A6C2E7E131A1298081E205F0D4B8BA060AE0CACACA3B6DA9891BC0E7CEB446075F5F12BDB5F9A15E151E0BCF094E010C142F84B70C10C0BB52A9D4245B69E206F0C943BFED17BE49BD7BA85E700A60A0C8ABE09C015C5D5D7DB72D34B103F8F0B627F30670784E700A60A0B8219CEB58F01EABDF891FC007B72ECB1BC0E139C1298081E2AF82BB1CFB15C002580003251607EE46ABDFF20BE070D673BE000ECF094E010C143F806FCE3AF67BBB2D521E01DCB2F3D9BC011C9E139C02182881E458B0D56FF904F0E9D603D1C13796F6DFFD1C3F169E139C0218284D004F7525ACF20AE050C7F6AEED17C0E131A1298081D2B9B53B80ED822E9700FEF0C3A8E5CD5FF6DFFD1C3F169E139C021828BEA9719D89ABAEFBA3B3A0277800872B5DBDB3B32EEF31E0F09CAB610960A0C82BDFB83AE2AAC9FAFA8C95F0040DE07865DBD6D218BDFDDA2379C337A9F09AF05AAB61010C14DEED7956BC49285B094FA000BEDCAAD76A580003A531F5322BDD7CE1CC380DE0C1AC7A075A0D0B52010C8C5CAA7B853B6B982B64C661000F377C9312A402181899E418EF606FB6707B8563C213228095000646CFCD15C33BB61B42FB9C1016C04A00034397AA18DC6EE7CBAD84CB6A77F48375E9E98B566DBBB57F353EB57865E33F0960258081C184E748EFF17BEB440DE14575E9F9B5AB1AFF5F5CAF268F2D5BB6EC53F1D7CF5A012B010C0CC7D72B0A7B0C7742BE45290EDAFFBDF8B91D5787104E1E5BFC6CC3B5B5ABD2D5025809606038E11BC2725A9156D413EA98F0A2550DDFA8AD6B7C21F93AEC7EAE7D66DB3F0860258081A1AE54CF14217CB37FFE843A31EBC1558D8F2F58F5CFFF36FBEBF1FADF22800530307A2BDFE458EDDFC435A7FBE348E4FA39136677F4E2950DFF391CF3CD7EAC76E5B64705B012C0C050C237D9ED1CC2F2BFC715757F1C6E080FF473C6FDD9D1F7BF50FF6FC2C745CF34FCFB852B1BFF5326909F6DB876D1AAF43F0A60258081C148C230D9ED3CA73B34A311847076F82635BBCF6BC6F50D1C6A57357E1057143EFEEBEA377DEF786E04012C8081D249E508C15CE1399410CEF5FDABF37CFF84D91DBD6055C3F50B56354D16C04A000397737345FEF7F90E37848712BE7D57E0AE1D2D80950086092FD9FD5B33C4301D28848713BE7DFF3E4258002B010C13566A086137D8101E49F866AF843B2A5C3B5A002B010C1350723FDFA15C5EF272215C88F0CD0E61377028B0EAEAEAAD717D5D000B60607424C75A6B86F1BDF942F853050CDF84DDD10556555515850A415C595979B30016C040E914E22D3FB942F88F050EDFEC7F2C4CB86B478F760067D5965C2B62012C8081C29A5AC030CB15C2850EDFBE2B76215CF800EE59116707B10016C0406157BE217C6B0AF8333F9563E5FBC7EEC7C7E2CA5D00E709E0EC1571D8352D80053050187FDF1D8EBF2CE0CF1C68053C92CB560EE4E94104882A400960010C8CCDDDB88339065CE810B6022EEE0A784FBCF2BD33954A4D1A2FBBA0376EDC186DDAB4299A3D7B76AF0A8FBDF8E28B993EDCB973E7B05F1F2A3CB662C58A9EAFCF9E3D9B796CC3860D02181856888D2484F3BDD528D759D0850AE1706CF25C8563C0C508E05EC19B180F011C7AECE5975F2EDAEB730570F8FABAEBAEB3020686BD121EEEFB6B2FF73EDF915E3B3A97545C27E39AE55757D000DE555D5D7D77DFE01DAD00EEECEC8CBEFAD5AF66AAEFEA34AC36432FEDD8B1A35F38AE5FBF7E48613A94D727DF1356C5C9CA77E1C2857641030559090F2584077B918D4286B0B39F0B1FC03957BCA31DC0A1CE9F3F3FE4702C4500875DD7E1E3DEBD7B1D03064A1EC243BDC255214258F88EA2F1B20B7AF3E6CD057FFDB163C7A23BEEB823B3FA0EDF73E38D37F63A761C3E7FE9A59732CF9D3A754A0003230AE13B0B18BE8508E1F0F772194A017CD9400D6158E8D787DDE1A1B27741EFDBB72F3A72E4881530505003DDF860A4D7761E4E0827E16BE52B80070CC9A104F0505F9FEB24ACF0F973CF3D278081828770AE95F09C8A915FE12A5708CFCEF3DA5485B71A09E0415458954E9E3CB968AFCF15C0A74F9FCE7C7DDB6DB70960A0A072ED8ECE0ECF915C5E72303FE7E6EE95F834BF8AF20AE08E8E8E28954A65AAEF7B749363AEBFF8C52F32E1974EA77BED1A1EEAD9CCC309E0E79F7F3EBAE1861B32417CEEDCB9A8B6B636F3F8942953A293274F0A60A06021DCF7D8EBDF74AF5847FA7EDE817E8E1B2E94F90A3839E63A986A6969C91C932DD6EBFB06F02DB7DCD2EFF113274E44FBF7EFB702068ABE122E26673B0B6025808112AF489DED2C8095000672847031C331F9F956BE0258096020C70AB518BB8793DDCE56BE02580960A044211CCE766EB3F215C04A0003835BB1166277744AF80A60258081D2AE8493EFF73E5F01AC043030CC10BD7D18DFE76C6701AC043030C2101E4A983ADB59002B010C14C860DF27EC6C6701AC04305084101E285C5315AE7025809500068A22DFEEE8AF5738DB59002B010C143D84B357BA4928CFB26904B012C0406942F8E90ABB9D05B012C04049DD5E555515868413AE04B012C0402975073002580960400023800530208011C04A00030218012C8001018C0056021810C00258F00960400023800530800016C04A00030218012C8001016C2B0860258001018C0016C0800066FC48A7D3826FEC54671CC05DBA1210C065A0A9A9A9ADBDBD5DF88D816A6D6DFD751CC08775252080CB406363E35DDBB76FFFE0FDF7DFBF2004476FE51BC2B7A1A1E1445CD374252080CB443CF4EF8C575E7BC2EECF700C723C56E8C9F1FA77EFDEEE87852F2080D19300861DE84900C30E3D0960D8819E040C3BD093006375D83D58979EBE68D5B65BFB57E3538B5736FE93AD8B000618C1B05BB66CD9A76AEB1A972C7E6EC7D5BD1E5BD5F8AC2D88000628C2B07B7045C3E7E2A08DE2FA30FBF1C5CF365C5BBB2A5D6D0B2280018A34ECC26EE53880B7F50AE6BAF4F4DA67B6FD832D88000628D2B00B2BDD38807FD52B8057353E6EEB2180018A19C0758DAB16D5A5E7F77A6CE5B6476D3D0430405157C08DDBE2FA2FC9D7E1F8EFA255E97FB4F510C000451876DD673A5FEA3E092BAA7DB6E1967F59FDA6EFB5E510C000251C760B56355CBF6055D3645B0E010C60D8A127010C3BD09300861D7A12C0B0033D0960D8A127014A32D8EAC370BB4CEDB1A5D09300851D7653E3EA1A68D8555656DE694BA127010A3FF0B60C30EC76A552A949B6127A12A0382B8E9CC3AEBABAFA6E5B083D0950BC8197EBB8DB1E2B0DF42440F1571C5D8EB3A127014A2C1E6E1BAD34D09300A51F7637671D67BBDD16414F02944872DCCD4A033D0950DA6137D55587D093C0B81245D1A4A3478F6ED8BD7BF7C7E9743ADABA75AB2A71353434444D4D4D7F896B968ED4937A12CA441874CDCDCD517B7B7B74F1E245354AD5D1D111EDD8B1E36C3CF8A6E9493DA927A10C84558641376606DEC578F571584FEA493D096520ECE23368C64EC5C3AE4B4FEA493D0965201CEF3164C6D4B08BF4A49ED49360D8F5D45F3F688B8EEE59131D6A589EA9F07978CC8032ECF4A49E048A34ECCE9D698D0EBEBE247A6BF343BD2A3C169E33A40C3B3DA92781220CBB93877EDB6FD025F5EEA17A43CAB0D3937A1228C6B03BBCEDC9BCC32E3C674819767A524F0245187607B72ECB3BECC273869461A727F52460D819767A522FE9499818C32E9C619A6FD885E70C29C34E4FEA49A008C3AE65E7B379875D78CE9032ECF4A49E048A30EC4EB71E880EBEB1B4FFAEBEF8B1F09C2165D8E9493D091461D8853AB6776DBF61171E33A00C3B3DA92781620DBB0F3F8C5ADEFC65FF5D7DF163E13943CAB0D3937A1228F0B00B57157A67675DDEE36DE139571E32ECF4A49E040A35ECE255445B4B63F4F66B8FE41D744985D784D75A7918767A524F02231876975B61587918767A524F024518768359610CB4F230B40C3B3DA92781610CBBE10EBAA40C2DC34E4FEA496018C34E19767A52E94930EC0C3B3DA9F4241876CAB0D3937A1230EC0C3B3DA9F4241876CAB0D3937A1230EC0C3B3DA9F4241876CAB0D3937A1230EC0C3B3DA9F4241876CAB0D3937A120C3B65D8E949A527C1B033ECF4A4D29360D829C34E4FEA49C0B033ECF4A4D29360D829C34E4FEA49C0B033ECF4A4D29360D829C34E4FEA49C0B033ECF4A4D29360D829C34E4FEA4930EC9461A727959E04C3CEB0D3934A4F8261377AB571E3C668D3A64DD1ECD9B37B5578ECC5175F0CC321DAB973E7B05F1F2A3CB662C58A9EAFCF9E3D9B796CC3860D869D9E1CB0429F84BE4ABE7EF9E59773BE66C99225BD1EEBECEC8CB66CD99279AEBEBE5E0083613736075CAEA156A8D7E70AE0F0F575D75D67D8E9C99C954EA7A3B973E7F604E8EAD5ABA3A79E7A2A5ABA7469DE7FE0AD5BB7AEE7F3952B57663E867F1886D79E3F7F5E00836137360378FDFAF5457B7DF23D6110262BDF850B171A767A326F9D3973A6273443BFECDFBF3F7AF7DD77339FBFF4D24B3DAF3B76EC5866CF4B78FCB9E79E8B9E7FFEF9CCE77FF8C31FEC8206C34E0027DF13765D878F7BF7EE35ECF464CEEAE8E88852A954A692C31AC90A387CBCE9A69B7A1E0BABE3ECFEAAABABEBF9FC6B5FFB5ACFF75F79E595517373B30006C3AE74C32BD731DA64D75CD8C5973DBC366FDE3CA4301DCCEBC3EAE48E3BEEE8199837DE7863AF63C7E1F3B09A09CF9D3A75CAB013C099EABBBB38F475E8911FFEF08779FB3E3C1F2AF45CF8387FFEFC5EFD1A025C00836157D2E135D8400D6158E8D78793604265EF82DEB76F5F74E4C811C34E000FAA7EF6B39FF5FA0763458EE3BF61E59BECA67EF8E1877B7653873E6B6969C97C3D9A3DA727C1B0CB1B924309E0A1BE3ED7495815DDC7EB0C3B3D39D0DE9C705673E89570EC37846BF8FC9A6BAEC97C9DDD8FC9EEE9E4B86FF8FCC081039960BEEAAAABA213274E38060C86DDD8ABB09A983C7972D15E9F2B804F9F3E9DF9FAB6DB6E33ECF464AF0AE11A0E6F7CF6B39FCD9C8815FAE4861B6EE875C823EC45493ECF0EDD10D2070F1ECC7C1EBEF7B1C71ECB7C9EEC8511C060D88DB913B0FAEED22BE4EBB3BF2F9CA11A866908E273E7CE45B5B5B599C7A74C99129D3C79D2B0D39339FB26797B51526BD7AECDF9BA70725FF2F18A2BAEC8F45408EE8A5178BFB99E04C36EC00AC7C7B25713857E7DDF0179CB2DB7F47B3CEC1E0C2B17C34E4FE6EB9B8AEE93AAC29E97F0317C1DDE239CEB2CFBAAAAAACC71E3ECE776EDDA9579FE95575E11C060D829C34E4F2A3D09869D61A727959E04C34E19767A524F02869D61A727959E04C34E19767A524F02869D61A727959E04C34E19767A524F02869D61A727959E04C34E19767A524F8261A70C3B3DA9F4241876869D9E547A120C3B65D8E9493D091876869D9E547A120C3B65D8E9493D091876869D9E547A120C3B65D8E9493D091876869D9E547A120C3B65D8E9493D09869D32ECF4A4D29360D819767A52E94930EC9461A727F52460D819767A52E94930EC9461A727F52460D819767A52E94930EC9461A727F52460D819767A52E949187DE974DA90193BD5190FBB2E3DA927F5249481A6A6A6B6F6F67683660C546B6BEBAFE36177584FEA493D0965A0B1B1F1AEEDDBB77FF0FEFBEF5F3070466F9511065D4343C389B8A6E9493DA927A14CC4FF83DD19FF2B774FD8D5148EF78CC7AAAAAA8AC6EBDFBD7BBB1F36E8F4A49E04C69D30EC6C05F4248061879ED4938061077A12C0B0434F021876A027010C3BF4248061077A12C0B0434F021876A02701C3CEB0434F021876A02701C30EF4248061879E0430EC404F021876E84900C30EF4248061879E0430EC404F021876E84900C30EF42460D8819E0430ECD09300861DE84900C30E3D0960D8819E0430ECD09300861DE84900C30E3D0960D8819E040C3BD09300861D7A12C0B0033D0960D8A127010C3BD09300861D7A12C0B0033D0960D8A127010C3BD0938061077A12C0B0434F021876A027010C3BF4248061077A12C0B0434F021876A027010C3BF4248061077A1230EC404F021876E84900C30EF4248061879E0430EC404F021876E84900C30EF4248061879E0430EC404F02861DE84900C30E3D0960D8819E0430ECD09300861DE84900C30E3D0960D8819E0430ECD09300861DE849C0B0033D0960D8A127010C3BD09300861D7A12C0B0033D0960D8A127010C3BD09300861D7A12C0B0033D091876A027010C3BF4248061077A12C0B0434F021876A027010C3BF4248061077A12C0B0434F021876A02701C30EF4248061879EB41500C30EF4248061879E0430EC404F021876E84900C30EF4248061879E0418CDC1561F86DB656A8F2D85000628EC609B1A57D740015C595979A72D85000628FC70DB324000EF4AA552936C250430407156C13903B8BABAFA6E5B08010C50BC0197EB58F01EAB5F043040F157C15D8EFD2280014A2C0EDC8D56BF086080D207F0CD59C77E6FB74510C000A51B749963C156BF08608022A9A9A9F9FB78B04D8BAB2EBCDD28AEB63E276185AF77C52BE3FF16AF8867C5F5595B0D010C304CE1E4AAB0D28D03F5D220AE82D5F76D495BC35B93AC9011C000831F6253E3F0DC3DD4D0CD77794AC78911C0000308ABD5382C7F9A6BC5FBF0C30F471B366C8876EEDC19FDF9CF7F8E3A3B3BA3E0A38F3ECA7CBD7BF7EEE837BFF94DB464C9927C415C575353F3B7B632021820CBCC9933BFD877D57BEFBDF7466BD6AC89DADADAA2A1387EFC78B47AF5EA280EDCBE21FC76F8736C6D0430402C0EDEEB66CC98712A3B2C7FFAD39F46EDEDEDD1489C3E7D3A5ABE7C79DF103E19D7976D75043050F62BDFECF00DABDEEDDBB747972E5D8A0AA5B9B939F37385300218A0A2E7986FCF6EE7388CA323478E44C5108E11F7D925FDF6F4E9D3FFCE6F01010C949D70C255F6CAB758E19B1DC221E4B34FCCF25B400003E536A8A6669FED1C763B9742D81DDDE7FDC2DEA2840006CA6AF5BB3BFB84AB421EF3BD9C3E2766B999030218280FDD57B8EAD9F53CD2B39D87737674F6F1E070C52CBF150430500E43AA3E09BFF03EDFD1B06EDDBA5E97ADF45B410003135AB8B142F6B1DFA15E64A350C2AA3BFB842C3770400003137D404DCBBEBCE468CABE6C65B88BD2007FE7A99595951BFDF610C0C0781E507549E8856B3B8FA670EDE8E4EF126E65982B78BB77977719AC086060BC0FA85D49E8851B2B8CA6F0BEE0ACB3A177E50BDEA4FCF610C0C0781E506D49A085BB188DA6D6D6D6EC006E8B57C137875DCD7D8357002380810931A0920AB7121C4DE1CFEF13B25D03DD5BD86F0F010C4C88001E0B060A5CA58653FE2F07C67C007776768EA915F03DF7DC736BF6316A8315808914C03DC7808F1F3F3EA68E01277FC7707DE8F8EB66010CC0440AE0317F1674A27B45DC2C8001980801DCF33EE0F5EBD78FE9F701F75911EFF2DB03603C07F0B8BB1216008C7BE15AD0D96FF7F9D39FFE346AD7829E3163C627AE050D4039AD827BEE86F4C20B2FB81B120094C258B81FF09C39733E713F6000CA7115DC7336F4F2E5CBA34B972E952C80C39F9775F6F39E542A35C96F0480B2D0FD169F9E20DCBE7D7B49C2B7B9B9B9D77B7BC319CE7E1B0094DB2AF8E9240867CE9C9909C762BFEF77D6AC599F6405709DDF02006527ECFACDDE151D42B85817E708E13B67CE9C8FB3C2F7EDE9D3A7FF9DDF020065290EDD2FC661D8921DC2617774218F098795759F95EFC9B8BE6CEB0350D642186687707262D648CF8E0E673BF739E14AF802408E9570AF3B1185B728AD59B3266A6B6B1BF24536C2FB7CB3DF6A94EC7616BE00D04738265C5959F94CAE5B013EF2C823996B478763C4E12E4AE15682C92D05C35D8DC231DE575F7D357379C9EC2B5C659F70E5982F000CE072F7E51D62EDF15623001882EE2B66D5675F3B7AB0152E2F19AE70E5221B00304CE1060E71185775DFCA30AC8CDBFA046EF87A57B8A560B8ABD1F4E9D3FF9DAD0600000000000000000000000000004039FAFF0E621DB2708410D70000000049454E44AE426082, 1);
INSERT INTO `act_ge_bytearray` VALUES ('d3226359-48c4-11ee-950a-58112292f651', 2, 'hist.var-variables', NULL, 0xACED0005737200176A6176612E7574696C2E4C696E6B6564486173684D617034C04E5C106CC0FB0200015A000B6163636573734F72646572787200116A6176612E7574696C2E486173684D61700507DAC1C31660D103000246000A6C6F6164466163746F724900097468726573686F6C6478703F4000000000000C7708000000100000000B7400066669656C6473737200136A6176612E7574696C2E41727261794C6973747881D21D99C7619D03000149000473697A657870000000087704000000087371007E00003F4000000000000C7708000000100000000B74000A5F5F636F6E6669675F5F7371007E00003F400000000000187708000000200000000D7400056C6162656C74000CE5AE8CE695B4E59E8BE58FB774000973686F774C6162656C737200116A6176612E6C616E672E426F6F6C65616ECD207280D59CFAEE0200015A000576616C75657870017400096368616E676554616771007E000D740003746167740008656C2D696E70757474000774616749636F6E740005696E707574740008726571756972656471007E000D7400066C61796F757474000B636F6C466F726D4974656D7400047370616E737200116A6176612E6C616E672E496E746567657212E2A0A4F781873802000149000576616C7565787200106A6176612E6C616E672E4E756D62657286AC951D0B94E08B020000787000000008740008646F63756D656E7474003068747470733A2F2F656C656D656E742E656C656D652E636E2F232F7A682D434E2F636F6D706F6E656E742F696E7075747400077265674C6973747371007E0004000000027704000000027371007E00003F4000000000000C7708000000100000000371007E001371007E000D7400076D65737361676574000074000774726967676572740004626C757278007371007E00003F4000000000000C7708000000100000000371007E001371007E000D71007E001F71007E002071007E0021740004626C7572780078740006666F726D49647371007E00170000006874000972656E6465724B65797400103130343136393133373230313636343974000C64656661756C7456616C7565740005313131313178007400085F5F736C6F745F5F7371007E00003F400000000000037708000000040000000274000770726570656E6471007E0020740006617070656E6471007E0020780074000B706C616365686F6C64657271007E00207400057374796C657371007E00003F40000000000001770800000002000000017400057769647468740004313030257800740009636C65617261626C6571007E000D74000B7072656669782D69636F6E71007E002074000B7375666669782D69636F6E71007E002074000F73686F772D776F72642D6C696D69747371007E000C00740008726561646F6E6C7971007E003874000864697361626C656471007E003874000A5F5F764D6F64656C5F5F7400036D666778007371007E00003F4000000000000C7708000000100000000B71007E00077371007E00003F400000000000187708000000200000000D71007E000974000CE5AEA2E688B7E4BBA3E7A08171007E000B71007E000D71007E000E71007E000D71007E000F740008656C2D696E70757471007E0011740005696E70757471007E001371007E000D71007E001474000B636F6C466F726D4974656D71007E001671007E001971007E001A74003068747470733A2F2F656C656D656E742E656C656D652E636E2F232F7A682D434E2F636F6D706F6E656E742F696E70757471007E001C7371007E0004000000027704000000027371007E00003F4000000000000C7708000000100000000371007E001371007E000D71007E001F71007E002071007E0021740004626C757278007371007E00003F4000000000000C7708000000100000000371007E001371007E000D71007E001F71007E002071007E0021740004626C757278007871007E00257371007E00170000006671007E00277400103130323136393133373139393237383171007E002974000431313131780071007E002B7371007E00003F400000000000037708000000040000000271007E002D71007E002071007E002E71007E0020780071007E002F71007E002071007E00307371007E00003F400000000000017708000000020000000171007E003274000431303025780071007E003471007E000D71007E003571007E002071007E003671007E002071007E003771007E003871007E003971007E003871007E003A71007E003871007E003B74000863757374436F646578007371007E00003F4000000000000C7708000000100000000B71007E00077371007E00003F400000000000187708000000200000000D71007E000974000AE99DA2E7A7AF284D322971007E000B71007E000D71007E000E71007E000D71007E000F740008656C2D696E70757471007E0011740005696E70757471007E001371007E000D71007E001474000B636F6C466F726D4974656D71007E001671007E001971007E001A74003068747470733A2F2F656C656D656E742E656C656D652E636E2F232F7A682D434E2F636F6D706F6E656E742F696E70757471007E001C7371007E0004000000027704000000027371007E00003F4000000000000C7708000000100000000371007E001371007E000D71007E001F71007E002071007E0021740004626C757278007371007E00003F4000000000000C7708000000100000000371007E001371007E000D71007E001F71007E002071007E0021740004626C757278007871007E00257371007E00170000006771007E00277400103130333136393133373230303334393771007E0029740003313131780071007E002B7371007E00003F400000000000037708000000040000000271007E002D71007E002071007E002E71007E0020780071007E002F71007E002071007E00307371007E00003F400000000000017708000000020000000171007E003274000431303025780071007E003471007E000D71007E003571007E002071007E003671007E002071007E003771007E003871007E003971007E003871007E003A71007E003871007E003B7400096F726465724172656178007371007E00003F4000000000000C7708000000100000000971007E00077371007E00003F400000000000187708000000200000000D71007E0009740006E58E82E588AB71007E000B71007E000D71007E000F740009656C2D73656C65637471007E001174000673656C65637471007E001474000B636F6C466F726D4974656D71007E00167371007E00170000000A71007E001371007E000D71007E001C7371007E0004000000027704000000027371007E00003F4000000000000C7708000000100000000371007E001371007E000D71007E001F74000FE8AFB7E98089E68BA9E58E82E588AB71007E00217400066368616E676578007371007E00003F4000000000000C7708000000100000000371007E001371007E000D71007E001F74000FE8AFB7E98089E68BA9E58E82E588AB71007E00217400066368616E676578007871007E000E71007E000D71007E001A74003168747470733A2F2F656C656D656E742E656C656D652E636E2F232F7A682D434E2F636F6D706F6E656E742F73656C65637471007E00257371007E00170000006571007E00277400103130313136393335373135303838333571007E00297371007E001700000001780071007E002B7371007E00003F40000000000001770800000002000000017400076F7074696F6E737371007E0004000000027704000000027371007E00003F400000000000037708000000040000000271007E0009740003E4B88074000576616C756571007E007478007371007E00003F400000000000037708000000040000000271007E0009740003E4BA8C71007E007A7371007E001700000002780078780071007E002F74000FE8AFB7E98089E68BA9E58E82E588AB71007E00307371007E00003F400000000000017708000000020000000171007E003274000431303025780071007E003471007E000D71007E003A71007E003874000A66696C74657261626C6571007E00387400086D756C7469706C6571007E003871007E003B740005706C616E7478007371007E00003F4000000000000C7708000000100000000971007E00077371007E00003F4000000000000C7708000000100000000C71007E0009740006E5A487E6B3A871007E000B71007E000D71007E000F740008656C2D696E70757471007E0011740008746578746172656171007E001371007E003871007E001474000B636F6C466F726D4974656D71007E00167371007E00170000001871007E001C7371007E0004000000007704000000007871007E000E71007E000D71007E001A74003068747470733A2F2F656C656D656E742E656C656D652E636E2F232F7A682D434E2F636F6D706F6E656E742F696E70757471007E002571007E004971007E002774001031303231363931333732383035323136780074000474797065740008746578746172656171007E002F71007E00207400086175746F73697A657371007E00003F40000000000003770800000004000000027400076D696E526F77737371007E0017000000047400076D6178526F777371007E0093780071007E00307371007E00003F400000000000017708000000020000000171007E003274000431303025780071007E003771007E000D71007E003971007E003871007E003A71007E003871007E003B74000772656D61726B7378007371007E00003F4000000000000C7708000000100000000B71007E00077371007E00003F400000000000187708000000200000000D71007E000974001BE4BFAEE694B9E68A80E69CAFE7AD89E7BAA7455250E8B4A6E58FB774000A6C6162656C57696474687371007E0017000000C871007E000B71007E000D71007E000E71007E000D71007E000F740008656C2D696E70757471007E0011740005696E70757471007E001371007E003871007E001474000B636F6C466F726D4974656D71007E001671007E006971007E001A74003068747470733A2F2F656C656D656E742E656C656D652E636E2F232F7A682D434E2F636F6D706F6E656E742F696E70757471007E001C7371007E0004000000007704000000007871007E002571007E007271007E002774001031303131363931333733343333333735780071007E002B7371007E00003F400000000000037708000000040000000271007E002D71007E002071007E002E71007E0020780071007E002F71007E002071007E00307371007E00003F400000000000017708000000020000000171007E003274000431303025780071007E003471007E000D71007E003571007E002071007E003671007E002071007E003771007E003871007E003971007E003871007E003A71007E003871007E003B7400077573657245727078007371007E00003F4000000000000C7708000000100000000671007E00077371007E00003F400000000000187708000000200000000F71007E0009740012E4BFAEE694B9E68A80E69CAFE7AD89E7BAA771007E000B71007E000D71007E000F74000E656C2D726164696F2D67726F757071007E0011740005726164696F71007E000E71007E000D71007E001474000B636F6C466F726D4974656D71007E00167371007E00170000000E74000A6F7074696F6E5479706574000764656661756C7471007E001C7371007E0004000000007704000000007871007E001371007E0038740006626F7264657271007E003871007E001A74003068747470733A2F2F656C656D656E742E656C656D652E636E2F232F7A682D434E2F636F6D706F6E656E742F726164696F71007E00257371007E00170000006971007E00277400103130353136393133373231363636313971007E002971007E0020780071007E002B7371007E00003F400000000000017708000000020000000171007E00767371007E0004000000047704000000047371007E00003F400000000000037708000000040000000271007E0009740009455654E696B0E58D9571007E007A71007E007478007371007E00003F400000000000037708000000040000000271007E000974000F445654E8BF94E58D95E6A0B7E5938171007E007A71007E007D78007371007E00003F400000000000037708000000040000000271007E000974000C505654E5B08FE689B9E6ACA171007E007A7371007E00170000000378007371007E00003F400000000000037708000000040000000271007E00097400084D50E689B9E9878F71007E007A71007E0093780078780071007E00307371007E00003F4000000000000277080000000200000000780074000473697A657400066D656469756D71007E003A71007E003871007E003B74000E746563686E6963616C4C6576656C78007371007E00003F400000000000187708000000200000000D71007E00077371007E00003F400000000000187708000000200000001071007E0009740006E99984E4BBB671007E000F740009656C2D75706C6F616471007E001174000675706C6F616471007E001474000B636F6C466F726D4974656D71007E000B71007E000D71007E001371007E003871007E001671007E008A74000773686F7754697071007E000D74000A627574746F6E5465787474000CE782B9E587BBE4B88AE4BCA071007E001C7371007E0004000000007704000000007871007E000E71007E000D74000866696C6553697A657371007E00170000001474000873697A65556E69747400024D4271007E001A74003168747470733A2F2F656C656D656E742E656C656D652E636E2F232F7A682D434E2F636F6D706F6E656E742F75706C6F616471007E002571007E007271007E002774001031303131363931333732353833363033780071007E002B7371007E00003F40000000000001770800000002000000017400096C6973742D7479706571007E000D7800740006616374696F6E74002D687474703A2F2F6C6F63616C686F73742F6465762D6170692F666C6F7761626C652F666F726D2F75706C6F616471007E003A71007E000D74000661636365707471007E00207400046E616D6574000566696C657374000B6175746F2D75706C6F616471007E000D71007E00D57400047465787474000B636C6561722D66696C657371007E003871007E008271007E003871007E003B74000566696C6573740007686561646572737371007E00003F400000000000017708000000020000000174000D417574686F72697A6174696F6E7400E14265617265722065794A68624763694F694A49557A55784D694A392E65794A316332567958326C6B496A6F784C434A31633256795832746C65534936496A686C4E32466B4D4751314C544E6D4F4467744E4467354E4330344F4452684C574D794E444A6B59324935593256685A434973496E567A5A584A755957316C496A6F69595752746157346966512E57497A4C4A71426F424E6B6733503831396E686D545A5F30546E56374561324D6F566A7A6F6E47354B356C44443770725248726B536F394978736C6534516152716A45305376516C5A31594D6C786850333579674341780074000966696C652D6C6973747371007E00040000000077040000000078780078740007666F726D526566740006656C466F726D740009666F726D4D6F64656C740008666F726D4461746171007E00C1740005736D616C6C74000D6C6162656C506F736974696F6E740003746F7071007E009B7371007E001700000064740009666F726D52756C657374000572756C657374000667757474657271007E008A71007E003A71007E000D71007E001671007E0069740008666F726D42746E7371007E00387800, NULL);
INSERT INTO `act_ge_bytearray` VALUES ('f87ec007-48c4-11ee-950a-58112292f651', 2, 'hist.var-variables', NULL, 0xACED0005737200176A6176612E7574696C2E4C696E6B6564486173684D617034C04E5C106CC0FB0200015A000B6163636573734F72646572787200116A6176612E7574696C2E486173684D61700507DAC1C31660D103000246000A6C6F6164466163746F724900097468726573686F6C6478703F4000000000000C7708000000100000000B7400066669656C6473737200136A6176612E7574696C2E41727261794C6973747881D21D99C7619D03000149000473697A657870000000087704000000087371007E00003F4000000000000C7708000000100000000B74000A5F5F636F6E6669675F5F7371007E00003F400000000000187708000000200000000D7400056C6162656C74000CE5AE8CE695B4E59E8BE58FB774000973686F774C6162656C737200116A6176612E6C616E672E426F6F6C65616ECD207280D59CFAEE0200015A000576616C75657870017400096368616E676554616771007E000D740003746167740008656C2D696E70757474000774616749636F6E740005696E707574740008726571756972656471007E000D7400066C61796F757474000B636F6C466F726D4974656D7400047370616E737200116A6176612E6C616E672E496E746567657212E2A0A4F781873802000149000576616C7565787200106A6176612E6C616E672E4E756D62657286AC951D0B94E08B020000787000000008740008646F63756D656E7474003068747470733A2F2F656C656D656E742E656C656D652E636E2F232F7A682D434E2F636F6D706F6E656E742F696E7075747400077265674C6973747371007E0004000000027704000000027371007E00003F4000000000000C7708000000100000000371007E001371007E000D7400076D65737361676574000074000774726967676572740004626C757278007371007E00003F4000000000000C7708000000100000000371007E001371007E000D71007E001F71007E002071007E0021740004626C7572780078740006666F726D49647371007E00170000006874000972656E6465724B65797400103130343136393133373230313636343974000C64656661756C7456616C75657400043232323278007400085F5F736C6F745F5F7371007E00003F400000000000037708000000040000000274000770726570656E6471007E0020740006617070656E6471007E0020780074000B706C616365686F6C64657271007E00207400057374796C657371007E00003F40000000000001770800000002000000017400057769647468740004313030257800740009636C65617261626C6571007E000D74000B7072656669782D69636F6E71007E002074000B7375666669782D69636F6E71007E002074000F73686F772D776F72642D6C696D69747371007E000C00740008726561646F6E6C7971007E003874000864697361626C656471007E003874000A5F5F764D6F64656C5F5F7400036D666778007371007E00003F4000000000000C7708000000100000000B71007E00077371007E00003F400000000000187708000000200000000D71007E000974000CE5AEA2E688B7E4BBA3E7A08171007E000B71007E000D71007E000E71007E000D71007E000F740008656C2D696E70757471007E0011740005696E70757471007E001371007E000D71007E001474000B636F6C466F726D4974656D71007E001671007E001971007E001A74003068747470733A2F2F656C656D656E742E656C656D652E636E2F232F7A682D434E2F636F6D706F6E656E742F696E70757471007E001C7371007E0004000000027704000000027371007E00003F4000000000000C7708000000100000000371007E001371007E000D71007E001F71007E002071007E0021740004626C757278007371007E00003F4000000000000C7708000000100000000371007E001371007E000D71007E001F71007E002071007E0021740004626C757278007871007E00257371007E00170000006671007E00277400103130323136393133373139393237383171007E0029740003323232780071007E002B7371007E00003F400000000000037708000000040000000271007E002D71007E002071007E002E71007E0020780071007E002F71007E002071007E00307371007E00003F400000000000017708000000020000000171007E003274000431303025780071007E003471007E000D71007E003571007E002071007E003671007E002071007E003771007E003871007E003971007E003871007E003A71007E003871007E003B74000863757374436F646578007371007E00003F4000000000000C7708000000100000000B71007E00077371007E00003F400000000000187708000000200000000D71007E000974000AE99DA2E7A7AF284D322971007E000B71007E000D71007E000E71007E000D71007E000F740008656C2D696E70757471007E0011740005696E70757471007E001371007E000D71007E001474000B636F6C466F726D4974656D71007E001671007E001971007E001A74003068747470733A2F2F656C656D656E742E656C656D652E636E2F232F7A682D434E2F636F6D706F6E656E742F696E70757471007E001C7371007E0004000000027704000000027371007E00003F4000000000000C7708000000100000000371007E001371007E000D71007E001F71007E002071007E0021740004626C757278007371007E00003F4000000000000C7708000000100000000371007E001371007E000D71007E001F71007E002071007E0021740004626C757278007871007E00257371007E00170000006771007E00277400103130333136393133373230303334393771007E00297400023232780071007E002B7371007E00003F400000000000037708000000040000000271007E002D71007E002071007E002E71007E0020780071007E002F71007E002071007E00307371007E00003F400000000000017708000000020000000171007E003274000431303025780071007E003471007E000D71007E003571007E002071007E003671007E002071007E003771007E003871007E003971007E003871007E003A71007E003871007E003B7400096F726465724172656178007371007E00003F4000000000000C7708000000100000000971007E00077371007E00003F400000000000187708000000200000000D71007E0009740006E58E82E588AB71007E000B71007E000D71007E000F740009656C2D73656C65637471007E001174000673656C65637471007E001474000B636F6C466F726D4974656D71007E00167371007E00170000000A71007E001371007E000D71007E001C7371007E0004000000027704000000027371007E00003F4000000000000C7708000000100000000371007E001371007E000D71007E001F74000FE8AFB7E98089E68BA9E58E82E588AB71007E00217400066368616E676578007371007E00003F4000000000000C7708000000100000000371007E001371007E000D71007E001F74000FE8AFB7E98089E68BA9E58E82E588AB71007E00217400066368616E676578007871007E000E71007E000D71007E001A74003168747470733A2F2F656C656D656E742E656C656D652E636E2F232F7A682D434E2F636F6D706F6E656E742F73656C65637471007E00257371007E00170000006571007E00277400103130313136393335373135303838333571007E00297371007E001700000002780071007E002B7371007E00003F40000000000001770800000002000000017400076F7074696F6E737371007E0004000000027704000000027371007E00003F400000000000037708000000040000000271007E0009740003E4B88074000576616C75657371007E00170000000178007371007E00003F400000000000037708000000040000000271007E0009740003E4BA8C71007E007A71007E0074780078780071007E002F74000FE8AFB7E98089E68BA9E58E82E588AB71007E00307371007E00003F400000000000017708000000020000000171007E003274000431303025780071007E003471007E000D71007E003A71007E003874000A66696C74657261626C6571007E00387400086D756C7469706C6571007E003871007E003B740005706C616E7478007371007E00003F4000000000000C7708000000100000000971007E00077371007E00003F4000000000000C7708000000100000000C71007E0009740006E5A487E6B3A871007E000B71007E000D71007E000F740008656C2D696E70757471007E0011740008746578746172656171007E001371007E003871007E001474000B636F6C466F726D4974656D71007E00167371007E00170000001871007E001C7371007E0004000000007704000000007871007E000E71007E000D71007E001A74003068747470733A2F2F656C656D656E742E656C656D652E636E2F232F7A682D434E2F636F6D706F6E656E742F696E70757471007E002571007E004971007E002774001031303231363931333732383035323136780074000474797065740008746578746172656171007E002F71007E00207400086175746F73697A657371007E00003F40000000000003770800000004000000027400076D696E526F77737371007E0017000000047400076D6178526F777371007E0093780071007E00307371007E00003F400000000000017708000000020000000171007E003274000431303025780071007E003771007E000D71007E003971007E003871007E003A71007E003871007E003B74000772656D61726B7378007371007E00003F4000000000000C7708000000100000000B71007E00077371007E00003F400000000000187708000000200000000D71007E000974001BE4BFAEE694B9E68A80E69CAFE7AD89E7BAA7455250E8B4A6E58FB774000A6C6162656C57696474687371007E0017000000C871007E000B71007E000D71007E000E71007E000D71007E000F740008656C2D696E70757471007E0011740005696E70757471007E001371007E003871007E001474000B636F6C466F726D4974656D71007E001671007E006971007E001A74003068747470733A2F2F656C656D656E742E656C656D652E636E2F232F7A682D434E2F636F6D706F6E656E742F696E70757471007E001C7371007E0004000000007704000000007871007E002571007E007271007E002774001031303131363931333733343333333735780071007E002B7371007E00003F400000000000037708000000040000000271007E002D71007E002071007E002E71007E0020780071007E002F71007E002071007E00307371007E00003F400000000000017708000000020000000171007E003274000431303025780071007E003471007E000D71007E003571007E002071007E003671007E002071007E003771007E003871007E003971007E003871007E003A71007E003871007E003B7400077573657245727078007371007E00003F4000000000000C7708000000100000000671007E00077371007E00003F400000000000187708000000200000000F71007E0009740012E4BFAEE694B9E68A80E69CAFE7AD89E7BAA771007E000B71007E000D71007E000F74000E656C2D726164696F2D67726F757071007E0011740005726164696F71007E000E71007E000D71007E001474000B636F6C466F726D4974656D71007E00167371007E00170000000E74000A6F7074696F6E5479706574000764656661756C7471007E001C7371007E0004000000007704000000007871007E001371007E0038740006626F7264657271007E003871007E001A74003068747470733A2F2F656C656D656E742E656C656D652E636E2F232F7A682D434E2F636F6D706F6E656E742F726164696F71007E00257371007E00170000006971007E00277400103130353136393133373231363636313971007E002971007E0020780071007E002B7371007E00003F400000000000017708000000020000000171007E00767371007E0004000000047704000000047371007E00003F400000000000037708000000040000000271007E0009740009455654E696B0E58D9571007E007A71007E007B78007371007E00003F400000000000037708000000040000000271007E000974000F445654E8BF94E58D95E6A0B7E5938171007E007A71007E007478007371007E00003F400000000000037708000000040000000271007E000974000C505654E5B08FE689B9E6ACA171007E007A7371007E00170000000378007371007E00003F400000000000037708000000040000000271007E00097400084D50E689B9E9878F71007E007A71007E0093780078780071007E00307371007E00003F4000000000000277080000000200000000780074000473697A657400066D656469756D71007E003A71007E003871007E003B74000E746563686E6963616C4C6576656C78007371007E00003F400000000000187708000000200000000D71007E00077371007E00003F400000000000187708000000200000001071007E0009740006E99984E4BBB671007E000F740009656C2D75706C6F616471007E001174000675706C6F616471007E001474000B636F6C466F726D4974656D71007E000B71007E000D71007E001371007E003871007E001671007E008A74000773686F7754697071007E000D74000A627574746F6E5465787474000CE782B9E587BBE4B88AE4BCA071007E001C7371007E0004000000007704000000007871007E000E71007E000D74000866696C6553697A657371007E00170000001474000873697A65556E69747400024D4271007E001A74003168747470733A2F2F656C656D656E742E656C656D652E636E2F232F7A682D434E2F636F6D706F6E656E742F75706C6F616471007E002571007E007271007E002774001031303131363931333732353833363033780071007E002B7371007E00003F40000000000001770800000002000000017400096C6973742D7479706571007E000D7800740006616374696F6E74002D687474703A2F2F6C6F63616C686F73742F6465762D6170692F666C6F7761626C652F666F726D2F75706C6F616471007E003A71007E000D74000661636365707471007E00207400046E616D6574000566696C657374000B6175746F2D75706C6F616471007E000D71007E00D57400047465787474000B636C6561722D66696C657371007E003871007E008271007E003871007E003B74000566696C6573740007686561646572737371007E00003F400000000000017708000000020000000174000D417574686F72697A6174696F6E7400E24265617265722065794A68624763694F694A49557A55784D694A392E65794A316332567958326C6B496A6F784D444173496E567A5A584A6661325635496A6F6959546C6D5A445179596D49745A475A684D6930305A6D4D7A4C54686A597A457459546B315A44526D4E444A6D4E4451314969776964584E6C636D3568625755694F694A7162335A6C496E302E54314576613537324B773558597056306A6C7344553666515766376269574D51434E456E6355706F6B6A704C73556545304E6E615F316E61434C354D58786A37554E43736B5645692D3255743241576C664879586177780074000966696C652D6C6973747371007E00040000000077040000000078780078740007666F726D526566740006656C466F726D740009666F726D4D6F64656C740008666F726D4461746171007E00C1740005736D616C6C74000D6C6162656C506F736974696F6E740003746F7071007E009B7371007E001700000064740009666F726D52756C657374000572756C657374000667757474657271007E008A71007E003A71007E000D71007E001671007E0069740008666F726D42746E7371007E00387800, NULL);

-- ----------------------------
-- Table structure for act_ge_property
-- ----------------------------
DROP TABLE IF EXISTS `act_ge_property`;
CREATE TABLE `act_ge_property`  (
  `NAME_` varchar(64) CHARACTER SET utf8mb3 COLLATE utf8mb3_bin NOT NULL,
  `VALUE_` varchar(300) CHARACTER SET utf8mb3 COLLATE utf8mb3_bin NULL DEFAULT NULL,
  `REV_` int NULL DEFAULT NULL,
  PRIMARY KEY (`NAME_`) USING BTREE
) ENGINE = InnoDB CHARACTER SET = utf8mb3 COLLATE = utf8mb3_bin ROW_FORMAT = Dynamic;

-- ----------------------------
-- Records of act_ge_property
-- ----------------------------
INSERT INTO `act_ge_property` VALUES ('batch.schema.version', '6.7.2.0', 1);
INSERT INTO `act_ge_property` VALUES ('cfg.execution-related-entities-count', 'true', 1);
INSERT INTO `act_ge_property` VALUES ('cfg.task-related-entities-count', 'true', 1);
INSERT INTO `act_ge_property` VALUES ('common.schema.version', '6.7.2.0', 1);
INSERT INTO `act_ge_property` VALUES ('entitylink.schema.version', '6.7.2.0', 1);
INSERT INTO `act_ge_property` VALUES ('eventsubscription.schema.version', '6.7.2.0', 1);
INSERT INTO `act_ge_property` VALUES ('identitylink.schema.version', '6.7.2.0', 1);
INSERT INTO `act_ge_property` VALUES ('job.schema.version', '6.7.2.0', 1);
INSERT INTO `act_ge_property` VALUES ('next.dbid', '1', 1);
INSERT INTO `act_ge_property` VALUES ('schema.history', 'create(6.7.2.0)', 1);
INSERT INTO `act_ge_property` VALUES ('schema.version', '6.7.2.0', 1);
INSERT INTO `act_ge_property` VALUES ('task.schema.version', '6.7.2.0', 1);
INSERT INTO `act_ge_property` VALUES ('variable.schema.version', '6.7.2.0', 1);

-- ----------------------------
-- Table structure for act_hi_actinst
-- ----------------------------
DROP TABLE IF EXISTS `act_hi_actinst`;
CREATE TABLE `act_hi_actinst`  (
  `ID_` varchar(64) CHARACTER SET utf8mb3 COLLATE utf8mb3_bin NOT NULL,
  `REV_` int NULL DEFAULT 1,
  `PROC_DEF_ID_` varchar(64) CHARACTER SET utf8mb3 COLLATE utf8mb3_bin NOT NULL,
  `PROC_INST_ID_` varchar(64) CHARACTER SET utf8mb3 COLLATE utf8mb3_bin NOT NULL,
  `EXECUTION_ID_` varchar(64) CHARACTER SET utf8mb3 COLLATE utf8mb3_bin NOT NULL,
  `ACT_ID_` varchar(255) CHARACTER SET utf8mb3 COLLATE utf8mb3_bin NOT NULL,
  `TASK_ID_` varchar(64) CHARACTER SET utf8mb3 COLLATE utf8mb3_bin NULL DEFAULT NULL,
  `CALL_PROC_INST_ID_` varchar(64) CHARACTER SET utf8mb3 COLLATE utf8mb3_bin NULL DEFAULT NULL,
  `ACT_NAME_` varchar(255) CHARACTER SET utf8mb3 COLLATE utf8mb3_bin NULL DEFAULT NULL,
  `ACT_TYPE_` varchar(255) CHARACTER SET utf8mb3 COLLATE utf8mb3_bin NOT NULL,
  `ASSIGNEE_` varchar(255) CHARACTER SET utf8mb3 COLLATE utf8mb3_bin NULL DEFAULT NULL,
  `START_TIME_` datetime(3) NOT NULL,
  `END_TIME_` datetime(3) NULL DEFAULT NULL,
  `TRANSACTION_ORDER_` int NULL DEFAULT NULL,
  `DURATION_` bigint NULL DEFAULT NULL,
  `DELETE_REASON_` varchar(4000) CHARACTER SET utf8mb3 COLLATE utf8mb3_bin NULL DEFAULT NULL,
  `TENANT_ID_` varchar(255) CHARACTER SET utf8mb3 COLLATE utf8mb3_bin NULL DEFAULT '',
  PRIMARY KEY (`ID_`) USING BTREE,
  INDEX `ACT_IDX_HI_ACT_INST_START`(`START_TIME_` ASC) USING BTREE,
  INDEX `ACT_IDX_HI_ACT_INST_END`(`END_TIME_` ASC) USING BTREE,
  INDEX `ACT_IDX_HI_ACT_INST_PROCINST`(`PROC_INST_ID_` ASC, `ACT_ID_` ASC) USING BTREE,
  INDEX `ACT_IDX_HI_ACT_INST_EXEC`(`EXECUTION_ID_` ASC, `ACT_ID_` ASC) USING BTREE
) ENGINE = InnoDB CHARACTER SET = utf8mb3 COLLATE = utf8mb3_bin ROW_FORMAT = Dynamic;

-- ----------------------------
-- Records of act_hi_actinst
-- ----------------------------
INSERT INTO `act_hi_actinst` VALUES ('77419dfb-48c5-11ee-950a-58112292f651', 1, 'process_4h20r0hz:4:7cf980cf-48c4-11ee-950a-58112292f651', 'f87ebffe-48c4-11ee-950a-58112292f651', 'f87ec00a-48c4-11ee-950a-58112292f651', 'Flow_1xsfgyd', NULL, NULL, NULL, 'sequenceFlow', NULL, '2023-09-01 20:45:44.161', '2023-09-01 20:45:44.161', 1, 0, NULL, '');
INSERT INTO `act_hi_actinst` VALUES ('7741c50c-48c5-11ee-950a-58112292f651', 2, 'process_4h20r0hz:4:7cf980cf-48c4-11ee-950a-58112292f651', 'f87ebffe-48c4-11ee-950a-58112292f651', 'f87ec00a-48c4-11ee-950a-58112292f651', 'Activity_1taif2m', '7741ec1d-48c5-11ee-950a-58112292f651', NULL, '老板', 'userTask', '3964', '2023-09-01 20:45:44.162', '2023-09-01 20:49:24.365', 2, 220203, NULL, '');
INSERT INTO `act_hi_actinst` VALUES ('d322635d-48c4-11ee-950a-58112292f651', 1, 'process_4h20r0hz:4:7cf980cf-48c4-11ee-950a-58112292f651', 'd3223c40-48c4-11ee-950a-58112292f651', 'd322635c-48c4-11ee-950a-58112292f651', 'startNode1', NULL, NULL, '开始', 'startEvent', NULL, '2023-09-01 20:41:08.810', '2023-09-01 20:41:08.810', 1, 0, NULL, '');
INSERT INTO `act_hi_actinst` VALUES ('d322635e-48c4-11ee-950a-58112292f651', 1, 'process_4h20r0hz:4:7cf980cf-48c4-11ee-950a-58112292f651', 'd3223c40-48c4-11ee-950a-58112292f651', 'd322635c-48c4-11ee-950a-58112292f651', 'Flow_1o2pnyh', NULL, NULL, NULL, 'sequenceFlow', NULL, '2023-09-01 20:41:08.810', '2023-09-01 20:41:08.810', 2, 0, NULL, '');
INSERT INTO `act_hi_actinst` VALUES ('d322635f-48c4-11ee-950a-58112292f651', 2, 'process_4h20r0hz:4:7cf980cf-48c4-11ee-950a-58112292f651', 'd3223c40-48c4-11ee-950a-58112292f651', 'd322635c-48c4-11ee-950a-58112292f651', 'Activity_1yh2z2i', 'd3226360-48c4-11ee-950a-58112292f651', NULL, '发起人', 'userTask', '1', '2023-09-01 20:41:08.810', '2023-09-01 20:41:08.838', 3, 28, NULL, '');
INSERT INTO `act_hi_actinst` VALUES ('d326d035-48c4-11ee-950a-58112292f651', 1, 'process_4h20r0hz:4:7cf980cf-48c4-11ee-950a-58112292f651', 'd3223c40-48c4-11ee-950a-58112292f651', 'd322635c-48c4-11ee-950a-58112292f651', 'Flow_0xn2i23', NULL, NULL, NULL, 'sequenceFlow', NULL, '2023-09-01 20:41:08.839', '2023-09-01 20:41:08.839', 1, 0, NULL, '');
INSERT INTO `act_hi_actinst` VALUES ('d326d036-48c4-11ee-950a-58112292f651', 1, 'process_4h20r0hz:4:7cf980cf-48c4-11ee-950a-58112292f651', 'd3223c40-48c4-11ee-950a-58112292f651', 'd322635c-48c4-11ee-950a-58112292f651', 'Gateway_1c6byjn', NULL, NULL, '厂别', 'exclusiveGateway', NULL, '2023-09-01 20:41:08.839', '2023-09-01 20:41:08.845', 2, 6, NULL, '');
INSERT INTO `act_hi_actinst` VALUES ('d327ba97-48c4-11ee-950a-58112292f651', 1, 'process_4h20r0hz:4:7cf980cf-48c4-11ee-950a-58112292f651', 'd3223c40-48c4-11ee-950a-58112292f651', 'd322635c-48c4-11ee-950a-58112292f651', 'Flow_0m8ynai', NULL, NULL, '1厂', 'sequenceFlow', NULL, '2023-09-01 20:41:08.845', '2023-09-01 20:41:08.845', 3, 0, NULL, '');
INSERT INTO `act_hi_actinst` VALUES ('d32808b8-48c4-11ee-950a-58112292f651', 2, 'process_4h20r0hz:4:7cf980cf-48c4-11ee-950a-58112292f651', 'd3223c40-48c4-11ee-950a-58112292f651', 'd322635c-48c4-11ee-950a-58112292f651', 'Activity_0hshkvv', 'd32808b9-48c4-11ee-950a-58112292f651', NULL, '一厂厂长', 'userTask', '1', '2023-09-01 20:41:08.847', '2023-09-01 20:41:34.804', 4, 25957, NULL, '');
INSERT INTO `act_hi_actinst` VALUES ('e2a0e91c-48c4-11ee-950a-58112292f651', 1, 'process_4h20r0hz:4:7cf980cf-48c4-11ee-950a-58112292f651', 'd3223c40-48c4-11ee-950a-58112292f651', 'd322635c-48c4-11ee-950a-58112292f651', 'Flow_09xoxhh', NULL, NULL, NULL, 'sequenceFlow', NULL, '2023-09-01 20:41:34.805', '2023-09-01 20:41:34.805', 1, 0, NULL, '');
INSERT INTO `act_hi_actinst` VALUES ('e2a0e91d-48c4-11ee-950a-58112292f651', 1, 'process_4h20r0hz:4:7cf980cf-48c4-11ee-950a-58112292f651', 'd3223c40-48c4-11ee-950a-58112292f651', 'd322635c-48c4-11ee-950a-58112292f651', 'Event_056ndrz', NULL, NULL, '', 'endEvent', NULL, '2023-09-01 20:41:34.805', '2023-09-01 20:41:34.806', 2, 1, NULL, '');
INSERT INTO `act_hi_actinst` VALUES ('f87ec00b-48c4-11ee-950a-58112292f651', 1, 'process_4h20r0hz:4:7cf980cf-48c4-11ee-950a-58112292f651', 'f87ebffe-48c4-11ee-950a-58112292f651', 'f87ec00a-48c4-11ee-950a-58112292f651', 'startNode1', NULL, NULL, '开始', 'startEvent', NULL, '2023-09-01 20:42:11.491', '2023-09-01 20:42:11.491', 1, 0, NULL, '');
INSERT INTO `act_hi_actinst` VALUES ('f87ec00c-48c4-11ee-950a-58112292f651', 1, 'process_4h20r0hz:4:7cf980cf-48c4-11ee-950a-58112292f651', 'f87ebffe-48c4-11ee-950a-58112292f651', 'f87ec00a-48c4-11ee-950a-58112292f651', 'Flow_1o2pnyh', NULL, NULL, NULL, 'sequenceFlow', NULL, '2023-09-01 20:42:11.491', '2023-09-01 20:42:11.491', 2, 0, NULL, '');
INSERT INTO `act_hi_actinst` VALUES ('f87ec00d-48c4-11ee-950a-58112292f651', 2, 'process_4h20r0hz:4:7cf980cf-48c4-11ee-950a-58112292f651', 'f87ebffe-48c4-11ee-950a-58112292f651', 'f87ec00a-48c4-11ee-950a-58112292f651', 'Activity_1yh2z2i', 'f87ee71e-48c4-11ee-950a-58112292f651', NULL, '发起人', 'userTask', '1', '2023-09-01 20:42:11.491', '2023-09-01 20:42:11.518', 3, 27, NULL, '');
INSERT INTO `act_hi_actinst` VALUES ('f88305d3-48c4-11ee-950a-58112292f651', 1, 'process_4h20r0hz:4:7cf980cf-48c4-11ee-950a-58112292f651', 'f87ebffe-48c4-11ee-950a-58112292f651', 'f87ec00a-48c4-11ee-950a-58112292f651', 'Flow_0xn2i23', NULL, NULL, NULL, 'sequenceFlow', NULL, '2023-09-01 20:42:11.519', '2023-09-01 20:42:11.519', 1, 0, NULL, '');
INSERT INTO `act_hi_actinst` VALUES ('f88305d4-48c4-11ee-950a-58112292f651', 1, 'process_4h20r0hz:4:7cf980cf-48c4-11ee-950a-58112292f651', 'f87ebffe-48c4-11ee-950a-58112292f651', 'f87ec00a-48c4-11ee-950a-58112292f651', 'Gateway_1c6byjn', NULL, NULL, '厂别', 'exclusiveGateway', NULL, '2023-09-01 20:42:11.519', '2023-09-01 20:42:11.519', 2, 0, NULL, '');
INSERT INTO `act_hi_actinst` VALUES ('f88305d5-48c4-11ee-950a-58112292f651', 1, 'process_4h20r0hz:4:7cf980cf-48c4-11ee-950a-58112292f651', 'f87ebffe-48c4-11ee-950a-58112292f651', 'f87ec00a-48c4-11ee-950a-58112292f651', 'Flow_0e7zskc', NULL, NULL, '2厂', 'sequenceFlow', NULL, '2023-09-01 20:42:11.519', '2023-09-01 20:42:11.519', 3, 0, NULL, '');
INSERT INTO `act_hi_actinst` VALUES ('f8832ce6-48c4-11ee-950a-58112292f651', 2, 'process_4h20r0hz:4:7cf980cf-48c4-11ee-950a-58112292f651', 'f87ebffe-48c4-11ee-950a-58112292f651', 'f87ec00a-48c4-11ee-950a-58112292f651', 'Activity_1xiy7bm', 'f8832ce7-48c4-11ee-950a-58112292f651', NULL, '二厂厂长', 'userTask', '100', '2023-09-01 20:42:11.520', '2023-09-01 20:45:44.161', 4, 212641, NULL, '');
INSERT INTO `act_hi_actinst` VALUES ('fa8214c1-48c5-11ee-950a-58112292f651', 1, 'process_4h20r0hz:4:7cf980cf-48c4-11ee-950a-58112292f651', 'f87ebffe-48c4-11ee-950a-58112292f651', 'f87ec00a-48c4-11ee-950a-58112292f651', 'Flow_1i4y4fa', NULL, NULL, NULL, 'sequenceFlow', NULL, '2023-09-01 20:49:24.365', '2023-09-01 20:49:24.365', 1, 0, NULL, '');
INSERT INTO `act_hi_actinst` VALUES ('fa823bd2-48c5-11ee-950a-58112292f651', 1, 'process_4h20r0hz:4:7cf980cf-48c4-11ee-950a-58112292f651', 'f87ebffe-48c4-11ee-950a-58112292f651', 'f87ec00a-48c4-11ee-950a-58112292f651', 'Event_056ndrz', NULL, NULL, '', 'endEvent', NULL, '2023-09-01 20:49:24.366', '2023-09-01 20:49:24.366', 2, 0, NULL, '');

-- ----------------------------
-- Table structure for act_hi_attachment
-- ----------------------------
DROP TABLE IF EXISTS `act_hi_attachment`;
CREATE TABLE `act_hi_attachment`  (
  `ID_` varchar(64) CHARACTER SET utf8mb3 COLLATE utf8mb3_bin NOT NULL,
  `REV_` int NULL DEFAULT NULL,
  `USER_ID_` varchar(255) CHARACTER SET utf8mb3 COLLATE utf8mb3_bin NULL DEFAULT NULL,
  `NAME_` varchar(255) CHARACTER SET utf8mb3 COLLATE utf8mb3_bin NULL DEFAULT NULL,
  `DESCRIPTION_` varchar(4000) CHARACTER SET utf8mb3 COLLATE utf8mb3_bin NULL DEFAULT NULL,
  `TYPE_` varchar(255) CHARACTER SET utf8mb3 COLLATE utf8mb3_bin NULL DEFAULT NULL,
  `TASK_ID_` varchar(64) CHARACTER SET utf8mb3 COLLATE utf8mb3_bin NULL DEFAULT NULL,
  `PROC_INST_ID_` varchar(64) CHARACTER SET utf8mb3 COLLATE utf8mb3_bin NULL DEFAULT NULL,
  `URL_` varchar(4000) CHARACTER SET utf8mb3 COLLATE utf8mb3_bin NULL DEFAULT NULL,
  `CONTENT_ID_` varchar(64) CHARACTER SET utf8mb3 COLLATE utf8mb3_bin NULL DEFAULT NULL,
  `TIME_` datetime(3) NULL DEFAULT NULL,
  PRIMARY KEY (`ID_`) USING BTREE
) ENGINE = InnoDB CHARACTER SET = utf8mb3 COLLATE = utf8mb3_bin ROW_FORMAT = Dynamic;

-- ----------------------------
-- Records of act_hi_attachment
-- ----------------------------

-- ----------------------------
-- Table structure for act_hi_comment
-- ----------------------------
DROP TABLE IF EXISTS `act_hi_comment`;
CREATE TABLE `act_hi_comment`  (
  `ID_` varchar(64) CHARACTER SET utf8mb3 COLLATE utf8mb3_bin NOT NULL,
  `TYPE_` varchar(255) CHARACTER SET utf8mb3 COLLATE utf8mb3_bin NULL DEFAULT NULL,
  `TIME_` datetime(3) NOT NULL,
  `USER_ID_` varchar(255) CHARACTER SET utf8mb3 COLLATE utf8mb3_bin NULL DEFAULT NULL,
  `TASK_ID_` varchar(64) CHARACTER SET utf8mb3 COLLATE utf8mb3_bin NULL DEFAULT NULL,
  `PROC_INST_ID_` varchar(64) CHARACTER SET utf8mb3 COLLATE utf8mb3_bin NULL DEFAULT NULL,
  `ACTION_` varchar(255) CHARACTER SET utf8mb3 COLLATE utf8mb3_bin NULL DEFAULT NULL,
  `MESSAGE_` varchar(4000) CHARACTER SET utf8mb3 COLLATE utf8mb3_bin NULL DEFAULT NULL,
  `FULL_MSG_` longblob NULL,
  PRIMARY KEY (`ID_`) USING BTREE
) ENGINE = InnoDB CHARACTER SET = utf8mb3 COLLATE = utf8mb3_bin ROW_FORMAT = Dynamic;

-- ----------------------------
-- Records of act_hi_comment
-- ----------------------------
INSERT INTO `act_hi_comment` VALUES ('773e429a-48c5-11ee-950a-58112292f651', '1', '2023-09-01 20:45:44.139', NULL, 'f8832ce7-48c4-11ee-950a-58112292f651', 'f87ebffe-48c4-11ee-950a-58112292f651', 'AddComment', '同意', 0xE5908CE6848F);
INSERT INTO `act_hi_comment` VALUES ('d324fb73-48c4-11ee-950a-58112292f651', '1', '2023-09-01 20:41:08.827', '1', 'd3226360-48c4-11ee-950a-58112292f651', 'd3223c40-48c4-11ee-950a-58112292f651', 'AddComment', '超级管理员发起流程申请', 0xE8B685E7BAA7E7AEA1E79086E59198E58F91E8B5B7E6B581E7A88BE794B3E8AFB7);
INSERT INTO `act_hi_comment` VALUES ('e1c3a87b-48c4-11ee-950a-58112292f651', '1', '2023-09-01 20:41:33.355', NULL, 'd32808b9-48c4-11ee-950a-58112292f651', 'd3223c40-48c4-11ee-950a-58112292f651', 'AddComment', '同意', 0xE5908CE6848F);
INSERT INTO `act_hi_comment` VALUES ('f881a641-48c4-11ee-950a-58112292f651', '1', '2023-09-01 20:42:11.510', '1', 'f87ee71e-48c4-11ee-950a-58112292f651', 'f87ebffe-48c4-11ee-950a-58112292f651', 'AddComment', '超级管理员发起流程申请', 0xE8B685E7BAA7E7AEA1E79086E59198E58F91E8B5B7E6B581E7A88BE794B3E8AFB7);

-- ----------------------------
-- Table structure for act_hi_detail
-- ----------------------------
DROP TABLE IF EXISTS `act_hi_detail`;
CREATE TABLE `act_hi_detail`  (
  `ID_` varchar(64) CHARACTER SET utf8mb3 COLLATE utf8mb3_bin NOT NULL,
  `TYPE_` varchar(255) CHARACTER SET utf8mb3 COLLATE utf8mb3_bin NOT NULL,
  `PROC_INST_ID_` varchar(64) CHARACTER SET utf8mb3 COLLATE utf8mb3_bin NULL DEFAULT NULL,
  `EXECUTION_ID_` varchar(64) CHARACTER SET utf8mb3 COLLATE utf8mb3_bin NULL DEFAULT NULL,
  `TASK_ID_` varchar(64) CHARACTER SET utf8mb3 COLLATE utf8mb3_bin NULL DEFAULT NULL,
  `ACT_INST_ID_` varchar(64) CHARACTER SET utf8mb3 COLLATE utf8mb3_bin NULL DEFAULT NULL,
  `NAME_` varchar(255) CHARACTER SET utf8mb3 COLLATE utf8mb3_bin NOT NULL,
  `VAR_TYPE_` varchar(255) CHARACTER SET utf8mb3 COLLATE utf8mb3_bin NULL DEFAULT NULL,
  `REV_` int NULL DEFAULT NULL,
  `TIME_` datetime(3) NOT NULL,
  `BYTEARRAY_ID_` varchar(64) CHARACTER SET utf8mb3 COLLATE utf8mb3_bin NULL DEFAULT NULL,
  `DOUBLE_` double NULL DEFAULT NULL,
  `LONG_` bigint NULL DEFAULT NULL,
  `TEXT_` varchar(4000) CHARACTER SET utf8mb3 COLLATE utf8mb3_bin NULL DEFAULT NULL,
  `TEXT2_` varchar(4000) CHARACTER SET utf8mb3 COLLATE utf8mb3_bin NULL DEFAULT NULL,
  PRIMARY KEY (`ID_`) USING BTREE,
  INDEX `ACT_IDX_HI_DETAIL_PROC_INST`(`PROC_INST_ID_` ASC) USING BTREE,
  INDEX `ACT_IDX_HI_DETAIL_ACT_INST`(`ACT_INST_ID_` ASC) USING BTREE,
  INDEX `ACT_IDX_HI_DETAIL_TIME`(`TIME_` ASC) USING BTREE,
  INDEX `ACT_IDX_HI_DETAIL_NAME`(`NAME_` ASC) USING BTREE,
  INDEX `ACT_IDX_HI_DETAIL_TASK_ID`(`TASK_ID_` ASC) USING BTREE
) ENGINE = InnoDB CHARACTER SET = utf8mb3 COLLATE = utf8mb3_bin ROW_FORMAT = Dynamic;

-- ----------------------------
-- Records of act_hi_detail
-- ----------------------------

-- ----------------------------
-- Table structure for act_hi_entitylink
-- ----------------------------
DROP TABLE IF EXISTS `act_hi_entitylink`;
CREATE TABLE `act_hi_entitylink`  (
  `ID_` varchar(64) CHARACTER SET utf8mb3 COLLATE utf8mb3_bin NOT NULL,
  `LINK_TYPE_` varchar(255) CHARACTER SET utf8mb3 COLLATE utf8mb3_bin NULL DEFAULT NULL,
  `CREATE_TIME_` datetime(3) NULL DEFAULT NULL,
  `SCOPE_ID_` varchar(255) CHARACTER SET utf8mb3 COLLATE utf8mb3_bin NULL DEFAULT NULL,
  `SUB_SCOPE_ID_` varchar(255) CHARACTER SET utf8mb3 COLLATE utf8mb3_bin NULL DEFAULT NULL,
  `SCOPE_TYPE_` varchar(255) CHARACTER SET utf8mb3 COLLATE utf8mb3_bin NULL DEFAULT NULL,
  `SCOPE_DEFINITION_ID_` varchar(255) CHARACTER SET utf8mb3 COLLATE utf8mb3_bin NULL DEFAULT NULL,
  `PARENT_ELEMENT_ID_` varchar(255) CHARACTER SET utf8mb3 COLLATE utf8mb3_bin NULL DEFAULT NULL,
  `REF_SCOPE_ID_` varchar(255) CHARACTER SET utf8mb3 COLLATE utf8mb3_bin NULL DEFAULT NULL,
  `REF_SCOPE_TYPE_` varchar(255) CHARACTER SET utf8mb3 COLLATE utf8mb3_bin NULL DEFAULT NULL,
  `REF_SCOPE_DEFINITION_ID_` varchar(255) CHARACTER SET utf8mb3 COLLATE utf8mb3_bin NULL DEFAULT NULL,
  `ROOT_SCOPE_ID_` varchar(255) CHARACTER SET utf8mb3 COLLATE utf8mb3_bin NULL DEFAULT NULL,
  `ROOT_SCOPE_TYPE_` varchar(255) CHARACTER SET utf8mb3 COLLATE utf8mb3_bin NULL DEFAULT NULL,
  `HIERARCHY_TYPE_` varchar(255) CHARACTER SET utf8mb3 COLLATE utf8mb3_bin NULL DEFAULT NULL,
  PRIMARY KEY (`ID_`) USING BTREE,
  INDEX `ACT_IDX_HI_ENT_LNK_SCOPE`(`SCOPE_ID_` ASC, `SCOPE_TYPE_` ASC, `LINK_TYPE_` ASC) USING BTREE,
  INDEX `ACT_IDX_HI_ENT_LNK_REF_SCOPE`(`REF_SCOPE_ID_` ASC, `REF_SCOPE_TYPE_` ASC, `LINK_TYPE_` ASC) USING BTREE,
  INDEX `ACT_IDX_HI_ENT_LNK_ROOT_SCOPE`(`ROOT_SCOPE_ID_` ASC, `ROOT_SCOPE_TYPE_` ASC, `LINK_TYPE_` ASC) USING BTREE,
  INDEX `ACT_IDX_HI_ENT_LNK_SCOPE_DEF`(`SCOPE_DEFINITION_ID_` ASC, `SCOPE_TYPE_` ASC, `LINK_TYPE_` ASC) USING BTREE
) ENGINE = InnoDB CHARACTER SET = utf8mb3 COLLATE = utf8mb3_bin ROW_FORMAT = Dynamic;

-- ----------------------------
-- Records of act_hi_entitylink
-- ----------------------------

-- ----------------------------
-- Table structure for act_hi_identitylink
-- ----------------------------
DROP TABLE IF EXISTS `act_hi_identitylink`;
CREATE TABLE `act_hi_identitylink`  (
  `ID_` varchar(64) CHARACTER SET utf8mb3 COLLATE utf8mb3_bin NOT NULL,
  `GROUP_ID_` varchar(255) CHARACTER SET utf8mb3 COLLATE utf8mb3_bin NULL DEFAULT NULL,
  `TYPE_` varchar(255) CHARACTER SET utf8mb3 COLLATE utf8mb3_bin NULL DEFAULT NULL,
  `USER_ID_` varchar(255) CHARACTER SET utf8mb3 COLLATE utf8mb3_bin NULL DEFAULT NULL,
  `TASK_ID_` varchar(64) CHARACTER SET utf8mb3 COLLATE utf8mb3_bin NULL DEFAULT NULL,
  `CREATE_TIME_` datetime(3) NULL DEFAULT NULL,
  `PROC_INST_ID_` varchar(64) CHARACTER SET utf8mb3 COLLATE utf8mb3_bin NULL DEFAULT NULL,
  `SCOPE_ID_` varchar(255) CHARACTER SET utf8mb3 COLLATE utf8mb3_bin NULL DEFAULT NULL,
  `SUB_SCOPE_ID_` varchar(255) CHARACTER SET utf8mb3 COLLATE utf8mb3_bin NULL DEFAULT NULL,
  `SCOPE_TYPE_` varchar(255) CHARACTER SET utf8mb3 COLLATE utf8mb3_bin NULL DEFAULT NULL,
  `SCOPE_DEFINITION_ID_` varchar(255) CHARACTER SET utf8mb3 COLLATE utf8mb3_bin NULL DEFAULT NULL,
  PRIMARY KEY (`ID_`) USING BTREE,
  INDEX `ACT_IDX_HI_IDENT_LNK_USER`(`USER_ID_` ASC) USING BTREE,
  INDEX `ACT_IDX_HI_IDENT_LNK_SCOPE`(`SCOPE_ID_` ASC, `SCOPE_TYPE_` ASC) USING BTREE,
  INDEX `ACT_IDX_HI_IDENT_LNK_SUB_SCOPE`(`SUB_SCOPE_ID_` ASC, `SCOPE_TYPE_` ASC) USING BTREE,
  INDEX `ACT_IDX_HI_IDENT_LNK_SCOPE_DEF`(`SCOPE_DEFINITION_ID_` ASC, `SCOPE_TYPE_` ASC) USING BTREE,
  INDEX `ACT_IDX_HI_IDENT_LNK_TASK`(`TASK_ID_` ASC) USING BTREE,
  INDEX `ACT_IDX_HI_IDENT_LNK_PROCINST`(`PROC_INST_ID_` ASC) USING BTREE
) ENGINE = InnoDB CHARACTER SET = utf8mb3 COLLATE = utf8mb3_bin ROW_FORMAT = Dynamic;

-- ----------------------------
-- Records of act_hi_identitylink
-- ----------------------------
INSERT INTO `act_hi_identitylink` VALUES ('7741ec1e-48c5-11ee-950a-58112292f651', NULL, 'assignee', '3964', '7741ec1d-48c5-11ee-950a-58112292f651', '2023-09-01 20:45:44.163', NULL, NULL, NULL, NULL, NULL);
INSERT INTO `act_hi_identitylink` VALUES ('7742132f-48c5-11ee-950a-58112292f651', NULL, 'participant', '3964', NULL, '2023-09-01 20:45:44.164', 'f87ebffe-48c4-11ee-950a-58112292f651', NULL, NULL, NULL, NULL);
INSERT INTO `act_hi_identitylink` VALUES ('d3223c41-48c4-11ee-950a-58112292f651', NULL, 'starter', '1', NULL, '2023-09-01 20:41:08.809', 'd3223c40-48c4-11ee-950a-58112292f651', NULL, NULL, NULL, NULL);
INSERT INTO `act_hi_identitylink` VALUES ('d3226361-48c4-11ee-950a-58112292f651', NULL, 'assignee', '1', 'd3226360-48c4-11ee-950a-58112292f651', '2023-09-01 20:41:08.810', NULL, NULL, NULL, NULL, NULL);
INSERT INTO `act_hi_identitylink` VALUES ('d3226362-48c4-11ee-950a-58112292f651', NULL, 'participant', '1', NULL, '2023-09-01 20:41:08.810', 'd3223c40-48c4-11ee-950a-58112292f651', NULL, NULL, NULL, NULL);
INSERT INTO `act_hi_identitylink` VALUES ('d3268214-48c4-11ee-950a-58112292f651', NULL, 'participant', '1', NULL, '2023-09-01 20:41:08.837', 'd3223c40-48c4-11ee-950a-58112292f651', NULL, NULL, NULL, NULL);
INSERT INTO `act_hi_identitylink` VALUES ('d32808ba-48c4-11ee-950a-58112292f651', NULL, 'assignee', '1', 'd32808b9-48c4-11ee-950a-58112292f651', '2023-09-01 20:41:08.847', NULL, NULL, NULL, NULL, NULL);
INSERT INTO `act_hi_identitylink` VALUES ('f87ebfff-48c4-11ee-950a-58112292f651', NULL, 'starter', '1', NULL, '2023-09-01 20:42:11.491', 'f87ebffe-48c4-11ee-950a-58112292f651', NULL, NULL, NULL, NULL);
INSERT INTO `act_hi_identitylink` VALUES ('f87ee71f-48c4-11ee-950a-58112292f651', NULL, 'assignee', '1', 'f87ee71e-48c4-11ee-950a-58112292f651', '2023-09-01 20:42:11.492', NULL, NULL, NULL, NULL, NULL);
INSERT INTO `act_hi_identitylink` VALUES ('f87ee720-48c4-11ee-950a-58112292f651', NULL, 'participant', '1', NULL, '2023-09-01 20:42:11.492', 'f87ebffe-48c4-11ee-950a-58112292f651', NULL, NULL, NULL, NULL);
INSERT INTO `act_hi_identitylink` VALUES ('f882b7b2-48c4-11ee-950a-58112292f651', NULL, 'participant', '1', NULL, '2023-09-01 20:42:11.517', 'f87ebffe-48c4-11ee-950a-58112292f651', NULL, NULL, NULL, NULL);
INSERT INTO `act_hi_identitylink` VALUES ('f8832ce8-48c4-11ee-950a-58112292f651', NULL, 'assignee', '100', 'f8832ce7-48c4-11ee-950a-58112292f651', '2023-09-01 20:42:11.520', NULL, NULL, NULL, NULL, NULL);
INSERT INTO `act_hi_identitylink` VALUES ('f8832ce9-48c4-11ee-950a-58112292f651', NULL, 'participant', '100', NULL, '2023-09-01 20:42:11.520', 'f87ebffe-48c4-11ee-950a-58112292f651', NULL, NULL, NULL, NULL);
INSERT INTO `act_hi_identitylink` VALUES ('fa817880-48c5-11ee-950a-58112292f651', NULL, 'participant', '1', NULL, '2023-09-01 20:49:24.361', 'f87ebffe-48c4-11ee-950a-58112292f651', NULL, NULL, NULL, NULL);

-- ----------------------------
-- Table structure for act_hi_procinst
-- ----------------------------
DROP TABLE IF EXISTS `act_hi_procinst`;
CREATE TABLE `act_hi_procinst`  (
  `ID_` varchar(64) CHARACTER SET utf8mb3 COLLATE utf8mb3_bin NOT NULL,
  `REV_` int NULL DEFAULT 1,
  `PROC_INST_ID_` varchar(64) CHARACTER SET utf8mb3 COLLATE utf8mb3_bin NOT NULL,
  `BUSINESS_KEY_` varchar(255) CHARACTER SET utf8mb3 COLLATE utf8mb3_bin NULL DEFAULT NULL,
  `PROC_DEF_ID_` varchar(64) CHARACTER SET utf8mb3 COLLATE utf8mb3_bin NOT NULL,
  `START_TIME_` datetime(3) NOT NULL,
  `END_TIME_` datetime(3) NULL DEFAULT NULL,
  `DURATION_` bigint NULL DEFAULT NULL,
  `START_USER_ID_` varchar(255) CHARACTER SET utf8mb3 COLLATE utf8mb3_bin NULL DEFAULT NULL,
  `START_ACT_ID_` varchar(255) CHARACTER SET utf8mb3 COLLATE utf8mb3_bin NULL DEFAULT NULL,
  `END_ACT_ID_` varchar(255) CHARACTER SET utf8mb3 COLLATE utf8mb3_bin NULL DEFAULT NULL,
  `SUPER_PROCESS_INSTANCE_ID_` varchar(64) CHARACTER SET utf8mb3 COLLATE utf8mb3_bin NULL DEFAULT NULL,
  `DELETE_REASON_` varchar(4000) CHARACTER SET utf8mb3 COLLATE utf8mb3_bin NULL DEFAULT NULL,
  `TENANT_ID_` varchar(255) CHARACTER SET utf8mb3 COLLATE utf8mb3_bin NULL DEFAULT '',
  `NAME_` varchar(255) CHARACTER SET utf8mb3 COLLATE utf8mb3_bin NULL DEFAULT NULL,
  `CALLBACK_ID_` varchar(255) CHARACTER SET utf8mb3 COLLATE utf8mb3_bin NULL DEFAULT NULL,
  `CALLBACK_TYPE_` varchar(255) CHARACTER SET utf8mb3 COLLATE utf8mb3_bin NULL DEFAULT NULL,
  `REFERENCE_ID_` varchar(255) CHARACTER SET utf8mb3 COLLATE utf8mb3_bin NULL DEFAULT NULL,
  `REFERENCE_TYPE_` varchar(255) CHARACTER SET utf8mb3 COLLATE utf8mb3_bin NULL DEFAULT NULL,
  `PROPAGATED_STAGE_INST_ID_` varchar(255) CHARACTER SET utf8mb3 COLLATE utf8mb3_bin NULL DEFAULT NULL,
  `BUSINESS_STATUS_` varchar(255) CHARACTER SET utf8mb3 COLLATE utf8mb3_bin NULL DEFAULT NULL,
  PRIMARY KEY (`ID_`) USING BTREE,
  UNIQUE INDEX `PROC_INST_ID_`(`PROC_INST_ID_` ASC) USING BTREE,
  INDEX `ACT_IDX_HI_PRO_INST_END`(`END_TIME_` ASC) USING BTREE,
  INDEX `ACT_IDX_HI_PRO_I_BUSKEY`(`BUSINESS_KEY_` ASC) USING BTREE
) ENGINE = InnoDB CHARACTER SET = utf8mb3 COLLATE = utf8mb3_bin ROW_FORMAT = Dynamic;

-- ----------------------------
-- Records of act_hi_procinst
-- ----------------------------
INSERT INTO `act_hi_procinst` VALUES ('d3223c40-48c4-11ee-950a-58112292f651', 2, 'd3223c40-48c4-11ee-950a-58112292f651', NULL, 'process_4h20r0hz:4:7cf980cf-48c4-11ee-950a-58112292f651', '2023-09-01 20:41:08.809', '2023-09-01 20:41:35.923', 27114, '1', 'startNode1', 'Event_056ndrz', NULL, NULL, '', NULL, NULL, NULL, NULL, NULL, NULL, NULL);
INSERT INTO `act_hi_procinst` VALUES ('f87ebffe-48c4-11ee-950a-58112292f651', 2, 'f87ebffe-48c4-11ee-950a-58112292f651', NULL, 'process_4h20r0hz:4:7cf980cf-48c4-11ee-950a-58112292f651', '2023-09-01 20:42:11.491', '2023-09-01 20:49:24.373', 432882, '1', 'startNode1', 'Event_056ndrz', NULL, NULL, '', NULL, NULL, NULL, NULL, NULL, NULL, NULL);

-- ----------------------------
-- Table structure for act_hi_taskinst
-- ----------------------------
DROP TABLE IF EXISTS `act_hi_taskinst`;
CREATE TABLE `act_hi_taskinst`  (
  `ID_` varchar(64) CHARACTER SET utf8mb3 COLLATE utf8mb3_bin NOT NULL,
  `REV_` int NULL DEFAULT 1,
  `PROC_DEF_ID_` varchar(64) CHARACTER SET utf8mb3 COLLATE utf8mb3_bin NULL DEFAULT NULL,
  `TASK_DEF_ID_` varchar(64) CHARACTER SET utf8mb3 COLLATE utf8mb3_bin NULL DEFAULT NULL,
  `TASK_DEF_KEY_` varchar(255) CHARACTER SET utf8mb3 COLLATE utf8mb3_bin NULL DEFAULT NULL,
  `PROC_INST_ID_` varchar(64) CHARACTER SET utf8mb3 COLLATE utf8mb3_bin NULL DEFAULT NULL,
  `EXECUTION_ID_` varchar(64) CHARACTER SET utf8mb3 COLLATE utf8mb3_bin NULL DEFAULT NULL,
  `SCOPE_ID_` varchar(255) CHARACTER SET utf8mb3 COLLATE utf8mb3_bin NULL DEFAULT NULL,
  `SUB_SCOPE_ID_` varchar(255) CHARACTER SET utf8mb3 COLLATE utf8mb3_bin NULL DEFAULT NULL,
  `SCOPE_TYPE_` varchar(255) CHARACTER SET utf8mb3 COLLATE utf8mb3_bin NULL DEFAULT NULL,
  `SCOPE_DEFINITION_ID_` varchar(255) CHARACTER SET utf8mb3 COLLATE utf8mb3_bin NULL DEFAULT NULL,
  `PROPAGATED_STAGE_INST_ID_` varchar(255) CHARACTER SET utf8mb3 COLLATE utf8mb3_bin NULL DEFAULT NULL,
  `NAME_` varchar(255) CHARACTER SET utf8mb3 COLLATE utf8mb3_bin NULL DEFAULT NULL,
  `PARENT_TASK_ID_` varchar(64) CHARACTER SET utf8mb3 COLLATE utf8mb3_bin NULL DEFAULT NULL,
  `DESCRIPTION_` varchar(4000) CHARACTER SET utf8mb3 COLLATE utf8mb3_bin NULL DEFAULT NULL,
  `OWNER_` varchar(255) CHARACTER SET utf8mb3 COLLATE utf8mb3_bin NULL DEFAULT NULL,
  `ASSIGNEE_` varchar(255) CHARACTER SET utf8mb3 COLLATE utf8mb3_bin NULL DEFAULT NULL,
  `START_TIME_` datetime(3) NOT NULL,
  `CLAIM_TIME_` datetime(3) NULL DEFAULT NULL,
  `END_TIME_` datetime(3) NULL DEFAULT NULL,
  `DURATION_` bigint NULL DEFAULT NULL,
  `DELETE_REASON_` varchar(4000) CHARACTER SET utf8mb3 COLLATE utf8mb3_bin NULL DEFAULT NULL,
  `PRIORITY_` int NULL DEFAULT NULL,
  `DUE_DATE_` datetime(3) NULL DEFAULT NULL,
  `FORM_KEY_` varchar(255) CHARACTER SET utf8mb3 COLLATE utf8mb3_bin NULL DEFAULT NULL,
  `CATEGORY_` varchar(255) CHARACTER SET utf8mb3 COLLATE utf8mb3_bin NULL DEFAULT NULL,
  `TENANT_ID_` varchar(255) CHARACTER SET utf8mb3 COLLATE utf8mb3_bin NULL DEFAULT '',
  `LAST_UPDATED_TIME_` datetime(3) NULL DEFAULT NULL,
  PRIMARY KEY (`ID_`) USING BTREE,
  INDEX `ACT_IDX_HI_TASK_SCOPE`(`SCOPE_ID_` ASC, `SCOPE_TYPE_` ASC) USING BTREE,
  INDEX `ACT_IDX_HI_TASK_SUB_SCOPE`(`SUB_SCOPE_ID_` ASC, `SCOPE_TYPE_` ASC) USING BTREE,
  INDEX `ACT_IDX_HI_TASK_SCOPE_DEF`(`SCOPE_DEFINITION_ID_` ASC, `SCOPE_TYPE_` ASC) USING BTREE,
  INDEX `ACT_IDX_HI_TASK_INST_PROCINST`(`PROC_INST_ID_` ASC) USING BTREE
) ENGINE = InnoDB CHARACTER SET = utf8mb3 COLLATE = utf8mb3_bin ROW_FORMAT = Dynamic;

-- ----------------------------
-- Records of act_hi_taskinst
-- ----------------------------
INSERT INTO `act_hi_taskinst` VALUES ('7741ec1d-48c5-11ee-950a-58112292f651', 2, 'process_4h20r0hz:4:7cf980cf-48c4-11ee-950a-58112292f651', NULL, 'Activity_1taif2m', 'f87ebffe-48c4-11ee-950a-58112292f651', 'f87ec00a-48c4-11ee-950a-58112292f651', NULL, NULL, NULL, NULL, NULL, '老板', NULL, NULL, NULL, '3964', '2023-09-01 20:45:44.162', NULL, '2023-09-01 20:49:24.363', 220201, NULL, 50, NULL, NULL, NULL, '', '2023-09-01 20:49:24.363');
INSERT INTO `act_hi_taskinst` VALUES ('d3226360-48c4-11ee-950a-58112292f651', 2, 'process_4h20r0hz:4:7cf980cf-48c4-11ee-950a-58112292f651', NULL, 'Activity_1yh2z2i', 'd3223c40-48c4-11ee-950a-58112292f651', 'd322635c-48c4-11ee-950a-58112292f651', NULL, NULL, NULL, NULL, NULL, '发起人', NULL, NULL, NULL, '1', '2023-09-01 20:41:08.810', NULL, '2023-09-01 20:41:08.837', 27, NULL, 50, NULL, NULL, NULL, '', '2023-09-01 20:41:08.837');
INSERT INTO `act_hi_taskinst` VALUES ('d32808b9-48c4-11ee-950a-58112292f651', 2, 'process_4h20r0hz:4:7cf980cf-48c4-11ee-950a-58112292f651', NULL, 'Activity_0hshkvv', 'd3223c40-48c4-11ee-950a-58112292f651', 'd322635c-48c4-11ee-950a-58112292f651', NULL, NULL, NULL, NULL, NULL, '一厂厂长', NULL, NULL, NULL, '1', '2023-09-01 20:41:08.847', NULL, '2023-09-01 20:41:34.802', 25955, NULL, 50, NULL, NULL, NULL, '', '2023-09-01 20:41:34.802');
INSERT INTO `act_hi_taskinst` VALUES ('f87ee71e-48c4-11ee-950a-58112292f651', 2, 'process_4h20r0hz:4:7cf980cf-48c4-11ee-950a-58112292f651', NULL, 'Activity_1yh2z2i', 'f87ebffe-48c4-11ee-950a-58112292f651', 'f87ec00a-48c4-11ee-950a-58112292f651', NULL, NULL, NULL, NULL, NULL, '发起人', NULL, NULL, NULL, '1', '2023-09-01 20:42:11.491', NULL, '2023-09-01 20:42:11.518', 27, NULL, 50, NULL, NULL, NULL, '', '2023-09-01 20:42:11.518');
INSERT INTO `act_hi_taskinst` VALUES ('f8832ce7-48c4-11ee-950a-58112292f651', 2, 'process_4h20r0hz:4:7cf980cf-48c4-11ee-950a-58112292f651', NULL, 'Activity_1xiy7bm', 'f87ebffe-48c4-11ee-950a-58112292f651', 'f87ec00a-48c4-11ee-950a-58112292f651', NULL, NULL, NULL, NULL, NULL, '二厂厂长', NULL, NULL, NULL, '100', '2023-09-01 20:42:11.520', NULL, '2023-09-01 20:45:44.159', 212639, NULL, 50, NULL, NULL, NULL, '', '2023-09-01 20:45:44.159');

-- ----------------------------
-- Table structure for act_hi_tsk_log
-- ----------------------------
DROP TABLE IF EXISTS `act_hi_tsk_log`;
CREATE TABLE `act_hi_tsk_log`  (
  `ID_` bigint NOT NULL AUTO_INCREMENT,
  `TYPE_` varchar(64) CHARACTER SET utf8mb3 COLLATE utf8mb3_bin NULL DEFAULT NULL,
  `TASK_ID_` varchar(64) CHARACTER SET utf8mb3 COLLATE utf8mb3_bin NOT NULL,
  `TIME_STAMP_` timestamp(3) NOT NULL,
  `USER_ID_` varchar(255) CHARACTER SET utf8mb3 COLLATE utf8mb3_bin NULL DEFAULT NULL,
  `DATA_` varchar(4000) CHARACTER SET utf8mb3 COLLATE utf8mb3_bin NULL DEFAULT NULL,
  `EXECUTION_ID_` varchar(64) CHARACTER SET utf8mb3 COLLATE utf8mb3_bin NULL DEFAULT NULL,
  `PROC_INST_ID_` varchar(64) CHARACTER SET utf8mb3 COLLATE utf8mb3_bin NULL DEFAULT NULL,
  `PROC_DEF_ID_` varchar(64) CHARACTER SET utf8mb3 COLLATE utf8mb3_bin NULL DEFAULT NULL,
  `SCOPE_ID_` varchar(255) CHARACTER SET utf8mb3 COLLATE utf8mb3_bin NULL DEFAULT NULL,
  `SCOPE_DEFINITION_ID_` varchar(255) CHARACTER SET utf8mb3 COLLATE utf8mb3_bin NULL DEFAULT NULL,
  `SUB_SCOPE_ID_` varchar(255) CHARACTER SET utf8mb3 COLLATE utf8mb3_bin NULL DEFAULT NULL,
  `SCOPE_TYPE_` varchar(255) CHARACTER SET utf8mb3 COLLATE utf8mb3_bin NULL DEFAULT NULL,
  `TENANT_ID_` varchar(255) CHARACTER SET utf8mb3 COLLATE utf8mb3_bin NULL DEFAULT '',
  PRIMARY KEY (`ID_`) USING BTREE
) ENGINE = InnoDB CHARACTER SET = utf8mb3 COLLATE = utf8mb3_bin ROW_FORMAT = Dynamic;

-- ----------------------------
-- Records of act_hi_tsk_log
-- ----------------------------

-- ----------------------------
-- Table structure for act_hi_varinst
-- ----------------------------
DROP TABLE IF EXISTS `act_hi_varinst`;
CREATE TABLE `act_hi_varinst`  (
  `ID_` varchar(64) CHARACTER SET utf8mb3 COLLATE utf8mb3_bin NOT NULL,
  `REV_` int NULL DEFAULT 1,
  `PROC_INST_ID_` varchar(64) CHARACTER SET utf8mb3 COLLATE utf8mb3_bin NULL DEFAULT NULL,
  `EXECUTION_ID_` varchar(64) CHARACTER SET utf8mb3 COLLATE utf8mb3_bin NULL DEFAULT NULL,
  `TASK_ID_` varchar(64) CHARACTER SET utf8mb3 COLLATE utf8mb3_bin NULL DEFAULT NULL,
  `NAME_` varchar(255) CHARACTER SET utf8mb3 COLLATE utf8mb3_bin NOT NULL,
  `VAR_TYPE_` varchar(100) CHARACTER SET utf8mb3 COLLATE utf8mb3_bin NULL DEFAULT NULL,
  `SCOPE_ID_` varchar(255) CHARACTER SET utf8mb3 COLLATE utf8mb3_bin NULL DEFAULT NULL,
  `SUB_SCOPE_ID_` varchar(255) CHARACTER SET utf8mb3 COLLATE utf8mb3_bin NULL DEFAULT NULL,
  `SCOPE_TYPE_` varchar(255) CHARACTER SET utf8mb3 COLLATE utf8mb3_bin NULL DEFAULT NULL,
  `BYTEARRAY_ID_` varchar(64) CHARACTER SET utf8mb3 COLLATE utf8mb3_bin NULL DEFAULT NULL,
  `DOUBLE_` double NULL DEFAULT NULL,
  `LONG_` bigint NULL DEFAULT NULL,
  `TEXT_` varchar(4000) CHARACTER SET utf8mb3 COLLATE utf8mb3_bin NULL DEFAULT NULL,
  `TEXT2_` varchar(4000) CHARACTER SET utf8mb3 COLLATE utf8mb3_bin NULL DEFAULT NULL,
  `CREATE_TIME_` datetime(3) NULL DEFAULT NULL,
  `LAST_UPDATED_TIME_` datetime(3) NULL DEFAULT NULL,
  PRIMARY KEY (`ID_`) USING BTREE,
  INDEX `ACT_IDX_HI_PROCVAR_NAME_TYPE`(`NAME_` ASC, `VAR_TYPE_` ASC) USING BTREE,
  INDEX `ACT_IDX_HI_VAR_SCOPE_ID_TYPE`(`SCOPE_ID_` ASC, `SCOPE_TYPE_` ASC) USING BTREE,
  INDEX `ACT_IDX_HI_VAR_SUB_ID_TYPE`(`SUB_SCOPE_ID_` ASC, `SCOPE_TYPE_` ASC) USING BTREE,
  INDEX `ACT_IDX_HI_PROCVAR_PROC_INST`(`PROC_INST_ID_` ASC) USING BTREE,
  INDEX `ACT_IDX_HI_PROCVAR_TASK_ID`(`TASK_ID_` ASC) USING BTREE,
  INDEX `ACT_IDX_HI_PROCVAR_EXE`(`EXECUTION_ID_` ASC) USING BTREE
) ENGINE = InnoDB CHARACTER SET = utf8mb3 COLLATE = utf8mb3_bin ROW_FORMAT = Dynamic;

-- ----------------------------
-- Records of act_hi_varinst
-- ----------------------------
INSERT INTO `act_hi_varinst` VALUES ('d3223c42-48c4-11ee-950a-58112292f651', 2, 'd3223c40-48c4-11ee-950a-58112292f651', 'd3223c40-48c4-11ee-950a-58112292f651', NULL, 'mfg', 'string', NULL, NULL, NULL, NULL, NULL, NULL, '11111', NULL, '2023-09-01 20:41:08.809', '2023-09-01 20:41:33.363');
INSERT INTO `act_hi_varinst` VALUES ('d3223c43-48c4-11ee-950a-58112292f651', 2, 'd3223c40-48c4-11ee-950a-58112292f651', 'd3223c40-48c4-11ee-950a-58112292f651', NULL, 'custCode', 'string', NULL, NULL, NULL, NULL, NULL, NULL, '1111', NULL, '2023-09-01 20:41:08.809', '2023-09-01 20:41:33.365');
INSERT INTO `act_hi_varinst` VALUES ('d3223c44-48c4-11ee-950a-58112292f651', 2, 'd3223c40-48c4-11ee-950a-58112292f651', 'd3223c40-48c4-11ee-950a-58112292f651', NULL, 'orderArea', 'string', NULL, NULL, NULL, NULL, NULL, NULL, '111', NULL, '2023-09-01 20:41:08.809', '2023-09-01 20:41:33.366');
INSERT INTO `act_hi_varinst` VALUES ('d3223c45-48c4-11ee-950a-58112292f651', 2, 'd3223c40-48c4-11ee-950a-58112292f651', 'd3223c40-48c4-11ee-950a-58112292f651', NULL, 'plant', 'integer', NULL, NULL, NULL, NULL, NULL, 1, '1', NULL, '2023-09-01 20:41:08.810', '2023-09-01 20:41:33.367');
INSERT INTO `act_hi_varinst` VALUES ('d3226356-48c4-11ee-950a-58112292f651', 2, 'd3223c40-48c4-11ee-950a-58112292f651', 'd3223c40-48c4-11ee-950a-58112292f651', NULL, 'technicalLevel', 'string', NULL, NULL, NULL, NULL, NULL, NULL, '', NULL, '2023-09-01 20:41:08.810', '2023-09-01 20:41:33.369');
INSERT INTO `act_hi_varinst` VALUES ('d3226358-48c4-11ee-950a-58112292f651', 2, 'd3223c40-48c4-11ee-950a-58112292f651', 'd3223c40-48c4-11ee-950a-58112292f651', NULL, 'variables', 'serializable', NULL, NULL, NULL, 'd3226359-48c4-11ee-950a-58112292f651', NULL, NULL, NULL, NULL, '2023-09-01 20:41:08.810', '2023-09-01 20:41:33.371');
INSERT INTO `act_hi_varinst` VALUES ('d322635a-48c4-11ee-950a-58112292f651', 1, 'd3223c40-48c4-11ee-950a-58112292f651', 'd3223c40-48c4-11ee-950a-58112292f651', NULL, 'processTitle', 'string', NULL, NULL, NULL, NULL, NULL, NULL, '111111', NULL, '2023-09-01 20:41:08.810', '2023-09-01 20:41:08.835');
INSERT INTO `act_hi_varinst` VALUES ('d322635b-48c4-11ee-950a-58112292f651', 1, 'd3223c40-48c4-11ee-950a-58112292f651', 'd3223c40-48c4-11ee-950a-58112292f651', NULL, 'INITIATOR', 'string', NULL, NULL, NULL, NULL, NULL, NULL, '1', NULL, '2023-09-01 20:41:08.810', '2023-09-01 20:41:08.835');
INSERT INTO `act_hi_varinst` VALUES ('f87ec000-48c4-11ee-950a-58112292f651', 2, 'f87ebffe-48c4-11ee-950a-58112292f651', 'f87ebffe-48c4-11ee-950a-58112292f651', NULL, 'mfg', 'string', NULL, NULL, NULL, NULL, NULL, NULL, '2222', NULL, '2023-09-01 20:42:11.491', '2023-09-01 20:45:44.143');
INSERT INTO `act_hi_varinst` VALUES ('f87ec001-48c4-11ee-950a-58112292f651', 2, 'f87ebffe-48c4-11ee-950a-58112292f651', 'f87ebffe-48c4-11ee-950a-58112292f651', NULL, 'custCode', 'string', NULL, NULL, NULL, NULL, NULL, NULL, '222', NULL, '2023-09-01 20:42:11.491', '2023-09-01 20:45:44.147');
INSERT INTO `act_hi_varinst` VALUES ('f87ec002-48c4-11ee-950a-58112292f651', 2, 'f87ebffe-48c4-11ee-950a-58112292f651', 'f87ebffe-48c4-11ee-950a-58112292f651', NULL, 'orderArea', 'string', NULL, NULL, NULL, NULL, NULL, NULL, '22', NULL, '2023-09-01 20:42:11.491', '2023-09-01 20:45:44.149');
INSERT INTO `act_hi_varinst` VALUES ('f87ec003-48c4-11ee-950a-58112292f651', 2, 'f87ebffe-48c4-11ee-950a-58112292f651', 'f87ebffe-48c4-11ee-950a-58112292f651', NULL, 'plant', 'integer', NULL, NULL, NULL, NULL, NULL, 2, '2', NULL, '2023-09-01 20:42:11.491', '2023-09-01 20:45:44.150');
INSERT INTO `act_hi_varinst` VALUES ('f87ec004-48c4-11ee-950a-58112292f651', 2, 'f87ebffe-48c4-11ee-950a-58112292f651', 'f87ebffe-48c4-11ee-950a-58112292f651', NULL, 'technicalLevel', 'string', NULL, NULL, NULL, NULL, NULL, NULL, '', NULL, '2023-09-01 20:42:11.491', '2023-09-01 20:45:44.152');
INSERT INTO `act_hi_varinst` VALUES ('f87ec006-48c4-11ee-950a-58112292f651', 2, 'f87ebffe-48c4-11ee-950a-58112292f651', 'f87ebffe-48c4-11ee-950a-58112292f651', NULL, 'variables', 'serializable', NULL, NULL, NULL, 'f87ec007-48c4-11ee-950a-58112292f651', NULL, NULL, NULL, NULL, '2023-09-01 20:42:11.491', '2023-09-01 20:45:44.154');
INSERT INTO `act_hi_varinst` VALUES ('f87ec008-48c4-11ee-950a-58112292f651', 1, 'f87ebffe-48c4-11ee-950a-58112292f651', 'f87ebffe-48c4-11ee-950a-58112292f651', NULL, 'processTitle', 'string', NULL, NULL, NULL, NULL, NULL, NULL, '2222', NULL, '2023-09-01 20:42:11.491', '2023-09-01 20:42:11.516');
INSERT INTO `act_hi_varinst` VALUES ('f87ec009-48c4-11ee-950a-58112292f651', 1, 'f87ebffe-48c4-11ee-950a-58112292f651', 'f87ebffe-48c4-11ee-950a-58112292f651', NULL, 'INITIATOR', 'string', NULL, NULL, NULL, NULL, NULL, NULL, '1', NULL, '2023-09-01 20:42:11.491', '2023-09-01 20:42:11.516');

-- ----------------------------
-- Table structure for act_id_bytearray
-- ----------------------------
DROP TABLE IF EXISTS `act_id_bytearray`;
CREATE TABLE `act_id_bytearray`  (
  `ID_` varchar(64) CHARACTER SET utf8mb3 COLLATE utf8mb3_bin NOT NULL,
  `REV_` int NULL DEFAULT NULL,
  `NAME_` varchar(255) CHARACTER SET utf8mb3 COLLATE utf8mb3_bin NULL DEFAULT NULL,
  `BYTES_` longblob NULL,
  PRIMARY KEY (`ID_`) USING BTREE
) ENGINE = InnoDB CHARACTER SET = utf8mb3 COLLATE = utf8mb3_bin ROW_FORMAT = Dynamic;

-- ----------------------------
-- Records of act_id_bytearray
-- ----------------------------

-- ----------------------------
-- Table structure for act_id_group
-- ----------------------------
DROP TABLE IF EXISTS `act_id_group`;
CREATE TABLE `act_id_group`  (
  `ID_` varchar(64) CHARACTER SET utf8mb3 COLLATE utf8mb3_bin NOT NULL,
  `REV_` int NULL DEFAULT NULL,
  `NAME_` varchar(255) CHARACTER SET utf8mb3 COLLATE utf8mb3_bin NULL DEFAULT NULL,
  `TYPE_` varchar(255) CHARACTER SET utf8mb3 COLLATE utf8mb3_bin NULL DEFAULT NULL,
  PRIMARY KEY (`ID_`) USING BTREE
) ENGINE = InnoDB CHARACTER SET = utf8mb3 COLLATE = utf8mb3_bin ROW_FORMAT = Dynamic;

-- ----------------------------
-- Records of act_id_group
-- ----------------------------

-- ----------------------------
-- Table structure for act_id_info
-- ----------------------------
DROP TABLE IF EXISTS `act_id_info`;
CREATE TABLE `act_id_info`  (
  `ID_` varchar(64) CHARACTER SET utf8mb3 COLLATE utf8mb3_bin NOT NULL,
  `REV_` int NULL DEFAULT NULL,
  `USER_ID_` varchar(64) CHARACTER SET utf8mb3 COLLATE utf8mb3_bin NULL DEFAULT NULL,
  `TYPE_` varchar(64) CHARACTER SET utf8mb3 COLLATE utf8mb3_bin NULL DEFAULT NULL,
  `KEY_` varchar(255) CHARACTER SET utf8mb3 COLLATE utf8mb3_bin NULL DEFAULT NULL,
  `VALUE_` varchar(255) CHARACTER SET utf8mb3 COLLATE utf8mb3_bin NULL DEFAULT NULL,
  `PASSWORD_` longblob NULL,
  `PARENT_ID_` varchar(255) CHARACTER SET utf8mb3 COLLATE utf8mb3_bin NULL DEFAULT NULL,
  PRIMARY KEY (`ID_`) USING BTREE
) ENGINE = InnoDB CHARACTER SET = utf8mb3 COLLATE = utf8mb3_bin ROW_FORMAT = Dynamic;

-- ----------------------------
-- Records of act_id_info
-- ----------------------------

-- ----------------------------
-- Table structure for act_id_membership
-- ----------------------------
DROP TABLE IF EXISTS `act_id_membership`;
CREATE TABLE `act_id_membership`  (
  `USER_ID_` varchar(64) CHARACTER SET utf8mb3 COLLATE utf8mb3_bin NOT NULL,
  `GROUP_ID_` varchar(64) CHARACTER SET utf8mb3 COLLATE utf8mb3_bin NOT NULL,
  PRIMARY KEY (`USER_ID_`, `GROUP_ID_`) USING BTREE,
  INDEX `ACT_FK_MEMB_GROUP`(`GROUP_ID_` ASC) USING BTREE,
  CONSTRAINT `ACT_FK_MEMB_GROUP` FOREIGN KEY (`GROUP_ID_`) REFERENCES `act_id_group` (`ID_`) ON DELETE RESTRICT ON UPDATE RESTRICT,
  CONSTRAINT `ACT_FK_MEMB_USER` FOREIGN KEY (`USER_ID_`) REFERENCES `act_id_user` (`ID_`) ON DELETE RESTRICT ON UPDATE RESTRICT
) ENGINE = InnoDB CHARACTER SET = utf8mb3 COLLATE = utf8mb3_bin ROW_FORMAT = Dynamic;

-- ----------------------------
-- Records of act_id_membership
-- ----------------------------

-- ----------------------------
-- Table structure for act_id_priv
-- ----------------------------
DROP TABLE IF EXISTS `act_id_priv`;
CREATE TABLE `act_id_priv`  (
  `ID_` varchar(64) CHARACTER SET utf8mb3 COLLATE utf8mb3_bin NOT NULL,
  `NAME_` varchar(255) CHARACTER SET utf8mb3 COLLATE utf8mb3_bin NOT NULL,
  PRIMARY KEY (`ID_`) USING BTREE,
  UNIQUE INDEX `ACT_UNIQ_PRIV_NAME`(`NAME_` ASC) USING BTREE
) ENGINE = InnoDB CHARACTER SET = utf8mb3 COLLATE = utf8mb3_bin ROW_FORMAT = Dynamic;

-- ----------------------------
-- Records of act_id_priv
-- ----------------------------

-- ----------------------------
-- Table structure for act_id_priv_mapping
-- ----------------------------
DROP TABLE IF EXISTS `act_id_priv_mapping`;
CREATE TABLE `act_id_priv_mapping`  (
  `ID_` varchar(64) CHARACTER SET utf8mb3 COLLATE utf8mb3_bin NOT NULL,
  `PRIV_ID_` varchar(64) CHARACTER SET utf8mb3 COLLATE utf8mb3_bin NOT NULL,
  `USER_ID_` varchar(255) CHARACTER SET utf8mb3 COLLATE utf8mb3_bin NULL DEFAULT NULL,
  `GROUP_ID_` varchar(255) CHARACTER SET utf8mb3 COLLATE utf8mb3_bin NULL DEFAULT NULL,
  PRIMARY KEY (`ID_`) USING BTREE,
  INDEX `ACT_FK_PRIV_MAPPING`(`PRIV_ID_` ASC) USING BTREE,
  INDEX `ACT_IDX_PRIV_USER`(`USER_ID_` ASC) USING BTREE,
  INDEX `ACT_IDX_PRIV_GROUP`(`GROUP_ID_` ASC) USING BTREE,
  CONSTRAINT `ACT_FK_PRIV_MAPPING` FOREIGN KEY (`PRIV_ID_`) REFERENCES `act_id_priv` (`ID_`) ON DELETE RESTRICT ON UPDATE RESTRICT
) ENGINE = InnoDB CHARACTER SET = utf8mb3 COLLATE = utf8mb3_bin ROW_FORMAT = Dynamic;

-- ----------------------------
-- Records of act_id_priv_mapping
-- ----------------------------

-- ----------------------------
-- Table structure for act_id_property
-- ----------------------------
DROP TABLE IF EXISTS `act_id_property`;
CREATE TABLE `act_id_property`  (
  `NAME_` varchar(64) CHARACTER SET utf8mb3 COLLATE utf8mb3_bin NOT NULL,
  `VALUE_` varchar(300) CHARACTER SET utf8mb3 COLLATE utf8mb3_bin NULL DEFAULT NULL,
  `REV_` int NULL DEFAULT NULL,
  PRIMARY KEY (`NAME_`) USING BTREE
) ENGINE = InnoDB CHARACTER SET = utf8mb3 COLLATE = utf8mb3_bin ROW_FORMAT = Dynamic;

-- ----------------------------
-- Records of act_id_property
-- ----------------------------
INSERT INTO `act_id_property` VALUES ('schema.version', '6.7.2.0', 1);

-- ----------------------------
-- Table structure for act_id_token
-- ----------------------------
DROP TABLE IF EXISTS `act_id_token`;
CREATE TABLE `act_id_token`  (
  `ID_` varchar(64) CHARACTER SET utf8mb3 COLLATE utf8mb3_bin NOT NULL,
  `REV_` int NULL DEFAULT NULL,
  `TOKEN_VALUE_` varchar(255) CHARACTER SET utf8mb3 COLLATE utf8mb3_bin NULL DEFAULT NULL,
  `TOKEN_DATE_` timestamp(3) NULL DEFAULT NULL,
  `IP_ADDRESS_` varchar(255) CHARACTER SET utf8mb3 COLLATE utf8mb3_bin NULL DEFAULT NULL,
  `USER_AGENT_` varchar(255) CHARACTER SET utf8mb3 COLLATE utf8mb3_bin NULL DEFAULT NULL,
  `USER_ID_` varchar(255) CHARACTER SET utf8mb3 COLLATE utf8mb3_bin NULL DEFAULT NULL,
  `TOKEN_DATA_` varchar(2000) CHARACTER SET utf8mb3 COLLATE utf8mb3_bin NULL DEFAULT NULL,
  PRIMARY KEY (`ID_`) USING BTREE
) ENGINE = InnoDB CHARACTER SET = utf8mb3 COLLATE = utf8mb3_bin ROW_FORMAT = Dynamic;

-- ----------------------------
-- Records of act_id_token
-- ----------------------------

-- ----------------------------
-- Table structure for act_id_user
-- ----------------------------
DROP TABLE IF EXISTS `act_id_user`;
CREATE TABLE `act_id_user`  (
  `ID_` varchar(64) CHARACTER SET utf8mb3 COLLATE utf8mb3_bin NOT NULL,
  `REV_` int NULL DEFAULT NULL,
  `FIRST_` varchar(255) CHARACTER SET utf8mb3 COLLATE utf8mb3_bin NULL DEFAULT NULL,
  `LAST_` varchar(255) CHARACTER SET utf8mb3 COLLATE utf8mb3_bin NULL DEFAULT NULL,
  `DISPLAY_NAME_` varchar(255) CHARACTER SET utf8mb3 COLLATE utf8mb3_bin NULL DEFAULT NULL,
  `EMAIL_` varchar(255) CHARACTER SET utf8mb3 COLLATE utf8mb3_bin NULL DEFAULT NULL,
  `PWD_` varchar(255) CHARACTER SET utf8mb3 COLLATE utf8mb3_bin NULL DEFAULT NULL,
  `PICTURE_ID_` varchar(64) CHARACTER SET utf8mb3 COLLATE utf8mb3_bin NULL DEFAULT NULL,
  `TENANT_ID_` varchar(255) CHARACTER SET utf8mb3 COLLATE utf8mb3_bin NULL DEFAULT '',
  PRIMARY KEY (`ID_`) USING BTREE
) ENGINE = InnoDB CHARACTER SET = utf8mb3 COLLATE = utf8mb3_bin ROW_FORMAT = Dynamic;

-- ----------------------------
-- Records of act_id_user
-- ----------------------------

-- ----------------------------
-- Table structure for act_procdef_info
-- ----------------------------
DROP TABLE IF EXISTS `act_procdef_info`;
CREATE TABLE `act_procdef_info`  (
  `ID_` varchar(64) CHARACTER SET utf8mb3 COLLATE utf8mb3_bin NOT NULL,
  `PROC_DEF_ID_` varchar(64) CHARACTER SET utf8mb3 COLLATE utf8mb3_bin NOT NULL,
  `REV_` int NULL DEFAULT NULL,
  `INFO_JSON_ID_` varchar(64) CHARACTER SET utf8mb3 COLLATE utf8mb3_bin NULL DEFAULT NULL,
  PRIMARY KEY (`ID_`) USING BTREE,
  UNIQUE INDEX `ACT_UNIQ_INFO_PROCDEF`(`PROC_DEF_ID_` ASC) USING BTREE,
  INDEX `ACT_IDX_INFO_PROCDEF`(`PROC_DEF_ID_` ASC) USING BTREE,
  INDEX `ACT_FK_INFO_JSON_BA`(`INFO_JSON_ID_` ASC) USING BTREE,
  CONSTRAINT `ACT_FK_INFO_JSON_BA` FOREIGN KEY (`INFO_JSON_ID_`) REFERENCES `act_ge_bytearray` (`ID_`) ON DELETE RESTRICT ON UPDATE RESTRICT,
  CONSTRAINT `ACT_FK_INFO_PROCDEF` FOREIGN KEY (`PROC_DEF_ID_`) REFERENCES `act_re_procdef` (`ID_`) ON DELETE RESTRICT ON UPDATE RESTRICT
) ENGINE = InnoDB CHARACTER SET = utf8mb3 COLLATE = utf8mb3_bin ROW_FORMAT = Dynamic;

-- ----------------------------
-- Records of act_procdef_info
-- ----------------------------

-- ----------------------------
-- Table structure for act_re_deployment
-- ----------------------------
DROP TABLE IF EXISTS `act_re_deployment`;
CREATE TABLE `act_re_deployment`  (
  `ID_` varchar(64) CHARACTER SET utf8mb3 COLLATE utf8mb3_bin NOT NULL,
  `NAME_` varchar(255) CHARACTER SET utf8mb3 COLLATE utf8mb3_bin NULL DEFAULT NULL,
  `CATEGORY_` varchar(255) CHARACTER SET utf8mb3 COLLATE utf8mb3_bin NULL DEFAULT NULL,
  `KEY_` varchar(255) CHARACTER SET utf8mb3 COLLATE utf8mb3_bin NULL DEFAULT NULL,
  `TENANT_ID_` varchar(255) CHARACTER SET utf8mb3 COLLATE utf8mb3_bin NULL DEFAULT '',
  `DEPLOY_TIME_` timestamp(3) NULL DEFAULT NULL,
  `DERIVED_FROM_` varchar(64) CHARACTER SET utf8mb3 COLLATE utf8mb3_bin NULL DEFAULT NULL,
  `DERIVED_FROM_ROOT_` varchar(64) CHARACTER SET utf8mb3 COLLATE utf8mb3_bin NULL DEFAULT NULL,
  `PARENT_DEPLOYMENT_ID_` varchar(255) CHARACTER SET utf8mb3 COLLATE utf8mb3_bin NULL DEFAULT NULL,
  `ENGINE_VERSION_` varchar(255) CHARACTER SET utf8mb3 COLLATE utf8mb3_bin NULL DEFAULT NULL,
  PRIMARY KEY (`ID_`) USING BTREE
) ENGINE = InnoDB CHARACTER SET = utf8mb3 COLLATE = utf8mb3_bin ROW_FORMAT = Dynamic;

-- ----------------------------
-- Records of act_re_deployment
-- ----------------------------
INSERT INTO `act_re_deployment` VALUES ('7ce6e32c-48c4-11ee-950a-58112292f651', '测试流程01', 'null', NULL, '', '2023-09-01 20:38:44.136', NULL, NULL, '7ce6e32c-48c4-11ee-950a-58112292f651', NULL);

-- ----------------------------
-- Table structure for act_re_model
-- ----------------------------
DROP TABLE IF EXISTS `act_re_model`;
CREATE TABLE `act_re_model`  (
  `ID_` varchar(64) CHARACTER SET utf8mb3 COLLATE utf8mb3_bin NOT NULL,
  `REV_` int NULL DEFAULT NULL,
  `NAME_` varchar(255) CHARACTER SET utf8mb3 COLLATE utf8mb3_bin NULL DEFAULT NULL,
  `KEY_` varchar(255) CHARACTER SET utf8mb3 COLLATE utf8mb3_bin NULL DEFAULT NULL,
  `CATEGORY_` varchar(255) CHARACTER SET utf8mb3 COLLATE utf8mb3_bin NULL DEFAULT NULL,
  `CREATE_TIME_` timestamp(3) NULL DEFAULT NULL,
  `LAST_UPDATE_TIME_` timestamp(3) NULL DEFAULT NULL,
  `VERSION_` int NULL DEFAULT NULL,
  `META_INFO_` varchar(4000) CHARACTER SET utf8mb3 COLLATE utf8mb3_bin NULL DEFAULT NULL,
  `DEPLOYMENT_ID_` varchar(64) CHARACTER SET utf8mb3 COLLATE utf8mb3_bin NULL DEFAULT NULL,
  `EDITOR_SOURCE_VALUE_ID_` varchar(64) CHARACTER SET utf8mb3 COLLATE utf8mb3_bin NULL DEFAULT NULL,
  `EDITOR_SOURCE_EXTRA_VALUE_ID_` varchar(64) CHARACTER SET utf8mb3 COLLATE utf8mb3_bin NULL DEFAULT NULL,
  `TENANT_ID_` varchar(255) CHARACTER SET utf8mb3 COLLATE utf8mb3_bin NULL DEFAULT '',
  PRIMARY KEY (`ID_`) USING BTREE,
  INDEX `ACT_FK_MODEL_SOURCE`(`EDITOR_SOURCE_VALUE_ID_` ASC) USING BTREE,
  INDEX `ACT_FK_MODEL_SOURCE_EXTRA`(`EDITOR_SOURCE_EXTRA_VALUE_ID_` ASC) USING BTREE,
  INDEX `ACT_FK_MODEL_DEPLOYMENT`(`DEPLOYMENT_ID_` ASC) USING BTREE,
  CONSTRAINT `ACT_FK_MODEL_DEPLOYMENT` FOREIGN KEY (`DEPLOYMENT_ID_`) REFERENCES `act_re_deployment` (`ID_`) ON DELETE RESTRICT ON UPDATE RESTRICT,
  CONSTRAINT `ACT_FK_MODEL_SOURCE` FOREIGN KEY (`EDITOR_SOURCE_VALUE_ID_`) REFERENCES `act_ge_bytearray` (`ID_`) ON DELETE RESTRICT ON UPDATE RESTRICT,
  CONSTRAINT `ACT_FK_MODEL_SOURCE_EXTRA` FOREIGN KEY (`EDITOR_SOURCE_EXTRA_VALUE_ID_`) REFERENCES `act_ge_bytearray` (`ID_`) ON DELETE RESTRICT ON UPDATE RESTRICT
) ENGINE = InnoDB CHARACTER SET = utf8mb3 COLLATE = utf8mb3_bin ROW_FORMAT = Dynamic;

-- ----------------------------
-- Records of act_re_model
-- ----------------------------

-- ----------------------------
-- Table structure for act_re_procdef
-- ----------------------------
DROP TABLE IF EXISTS `act_re_procdef`;
CREATE TABLE `act_re_procdef`  (
  `ID_` varchar(64) CHARACTER SET utf8mb3 COLLATE utf8mb3_bin NOT NULL,
  `REV_` int NULL DEFAULT NULL,
  `CATEGORY_` varchar(255) CHARACTER SET utf8mb3 COLLATE utf8mb3_bin NULL DEFAULT NULL,
  `NAME_` varchar(255) CHARACTER SET utf8mb3 COLLATE utf8mb3_bin NULL DEFAULT NULL,
  `KEY_` varchar(255) CHARACTER SET utf8mb3 COLLATE utf8mb3_bin NOT NULL,
  `VERSION_` int NOT NULL,
  `DEPLOYMENT_ID_` varchar(64) CHARACTER SET utf8mb3 COLLATE utf8mb3_bin NULL DEFAULT NULL,
  `RESOURCE_NAME_` varchar(4000) CHARACTER SET utf8mb3 COLLATE utf8mb3_bin NULL DEFAULT NULL,
  `DGRM_RESOURCE_NAME_` varchar(4000) CHARACTER SET utf8mb3 COLLATE utf8mb3_bin NULL DEFAULT NULL,
  `DESCRIPTION_` varchar(4000) CHARACTER SET utf8mb3 COLLATE utf8mb3_bin NULL DEFAULT NULL,
  `HAS_START_FORM_KEY_` tinyint NULL DEFAULT NULL,
  `HAS_GRAPHICAL_NOTATION_` tinyint NULL DEFAULT NULL,
  `SUSPENSION_STATE_` int NULL DEFAULT NULL,
  `TENANT_ID_` varchar(255) CHARACTER SET utf8mb3 COLLATE utf8mb3_bin NULL DEFAULT '',
  `ENGINE_VERSION_` varchar(255) CHARACTER SET utf8mb3 COLLATE utf8mb3_bin NULL DEFAULT NULL,
  `DERIVED_FROM_` varchar(64) CHARACTER SET utf8mb3 COLLATE utf8mb3_bin NULL DEFAULT NULL,
  `DERIVED_FROM_ROOT_` varchar(64) CHARACTER SET utf8mb3 COLLATE utf8mb3_bin NULL DEFAULT NULL,
  `DERIVED_VERSION_` int NOT NULL DEFAULT 0,
  PRIMARY KEY (`ID_`) USING BTREE,
  UNIQUE INDEX `ACT_UNIQ_PROCDEF`(`KEY_` ASC, `VERSION_` ASC, `DERIVED_VERSION_` ASC, `TENANT_ID_` ASC) USING BTREE
) ENGINE = InnoDB CHARACTER SET = utf8mb3 COLLATE = utf8mb3_bin ROW_FORMAT = Dynamic;

-- ----------------------------
-- Records of act_re_procdef
-- ----------------------------
INSERT INTO `act_re_procdef` VALUES ('process_4h20r0hz:4:7cf980cf-48c4-11ee-950a-58112292f651', 2, 'null', '测试流程01', 'process_4h20r0hz', 4, '7ce6e32c-48c4-11ee-950a-58112292f651', '测试流程01.bpmn', '测试流程01.process_4h20r0hz.png', NULL, 0, 1, 1, '', NULL, NULL, NULL, 0);

-- ----------------------------
-- Table structure for act_ru_actinst
-- ----------------------------
DROP TABLE IF EXISTS `act_ru_actinst`;
CREATE TABLE `act_ru_actinst`  (
  `ID_` varchar(64) CHARACTER SET utf8mb3 COLLATE utf8mb3_bin NOT NULL,
  `REV_` int NULL DEFAULT 1,
  `PROC_DEF_ID_` varchar(64) CHARACTER SET utf8mb3 COLLATE utf8mb3_bin NOT NULL,
  `PROC_INST_ID_` varchar(64) CHARACTER SET utf8mb3 COLLATE utf8mb3_bin NOT NULL,
  `EXECUTION_ID_` varchar(64) CHARACTER SET utf8mb3 COLLATE utf8mb3_bin NOT NULL,
  `ACT_ID_` varchar(255) CHARACTER SET utf8mb3 COLLATE utf8mb3_bin NOT NULL,
  `TASK_ID_` varchar(64) CHARACTER SET utf8mb3 COLLATE utf8mb3_bin NULL DEFAULT NULL,
  `CALL_PROC_INST_ID_` varchar(64) CHARACTER SET utf8mb3 COLLATE utf8mb3_bin NULL DEFAULT NULL,
  `ACT_NAME_` varchar(255) CHARACTER SET utf8mb3 COLLATE utf8mb3_bin NULL DEFAULT NULL,
  `ACT_TYPE_` varchar(255) CHARACTER SET utf8mb3 COLLATE utf8mb3_bin NOT NULL,
  `ASSIGNEE_` varchar(255) CHARACTER SET utf8mb3 COLLATE utf8mb3_bin NULL DEFAULT NULL,
  `START_TIME_` datetime(3) NOT NULL,
  `END_TIME_` datetime(3) NULL DEFAULT NULL,
  `DURATION_` bigint NULL DEFAULT NULL,
  `TRANSACTION_ORDER_` int NULL DEFAULT NULL,
  `DELETE_REASON_` varchar(4000) CHARACTER SET utf8mb3 COLLATE utf8mb3_bin NULL DEFAULT NULL,
  `TENANT_ID_` varchar(255) CHARACTER SET utf8mb3 COLLATE utf8mb3_bin NULL DEFAULT '',
  PRIMARY KEY (`ID_`) USING BTREE,
  INDEX `ACT_IDX_RU_ACTI_START`(`START_TIME_` ASC) USING BTREE,
  INDEX `ACT_IDX_RU_ACTI_END`(`END_TIME_` ASC) USING BTREE,
  INDEX `ACT_IDX_RU_ACTI_PROC`(`PROC_INST_ID_` ASC) USING BTREE,
  INDEX `ACT_IDX_RU_ACTI_PROC_ACT`(`PROC_INST_ID_` ASC, `ACT_ID_` ASC) USING BTREE,
  INDEX `ACT_IDX_RU_ACTI_EXEC`(`EXECUTION_ID_` ASC) USING BTREE,
  INDEX `ACT_IDX_RU_ACTI_EXEC_ACT`(`EXECUTION_ID_` ASC, `ACT_ID_` ASC) USING BTREE,
  INDEX `ACT_IDX_RU_ACTI_TASK`(`TASK_ID_` ASC) USING BTREE
) ENGINE = InnoDB CHARACTER SET = utf8mb3 COLLATE = utf8mb3_bin ROW_FORMAT = Dynamic;

-- ----------------------------
-- Records of act_ru_actinst
-- ----------------------------

-- ----------------------------
-- Table structure for act_ru_deadletter_job
-- ----------------------------
DROP TABLE IF EXISTS `act_ru_deadletter_job`;
CREATE TABLE `act_ru_deadletter_job`  (
  `ID_` varchar(64) CHARACTER SET utf8mb3 COLLATE utf8mb3_bin NOT NULL,
  `REV_` int NULL DEFAULT NULL,
  `CATEGORY_` varchar(255) CHARACTER SET utf8mb3 COLLATE utf8mb3_bin NULL DEFAULT NULL,
  `TYPE_` varchar(255) CHARACTER SET utf8mb3 COLLATE utf8mb3_bin NOT NULL,
  `EXCLUSIVE_` tinyint(1) NULL DEFAULT NULL,
  `EXECUTION_ID_` varchar(64) CHARACTER SET utf8mb3 COLLATE utf8mb3_bin NULL DEFAULT NULL,
  `PROCESS_INSTANCE_ID_` varchar(64) CHARACTER SET utf8mb3 COLLATE utf8mb3_bin NULL DEFAULT NULL,
  `PROC_DEF_ID_` varchar(64) CHARACTER SET utf8mb3 COLLATE utf8mb3_bin NULL DEFAULT NULL,
  `ELEMENT_ID_` varchar(255) CHARACTER SET utf8mb3 COLLATE utf8mb3_bin NULL DEFAULT NULL,
  `ELEMENT_NAME_` varchar(255) CHARACTER SET utf8mb3 COLLATE utf8mb3_bin NULL DEFAULT NULL,
  `SCOPE_ID_` varchar(255) CHARACTER SET utf8mb3 COLLATE utf8mb3_bin NULL DEFAULT NULL,
  `SUB_SCOPE_ID_` varchar(255) CHARACTER SET utf8mb3 COLLATE utf8mb3_bin NULL DEFAULT NULL,
  `SCOPE_TYPE_` varchar(255) CHARACTER SET utf8mb3 COLLATE utf8mb3_bin NULL DEFAULT NULL,
  `SCOPE_DEFINITION_ID_` varchar(255) CHARACTER SET utf8mb3 COLLATE utf8mb3_bin NULL DEFAULT NULL,
  `CORRELATION_ID_` varchar(255) CHARACTER SET utf8mb3 COLLATE utf8mb3_bin NULL DEFAULT NULL,
  `EXCEPTION_STACK_ID_` varchar(64) CHARACTER SET utf8mb3 COLLATE utf8mb3_bin NULL DEFAULT NULL,
  `EXCEPTION_MSG_` varchar(4000) CHARACTER SET utf8mb3 COLLATE utf8mb3_bin NULL DEFAULT NULL,
  `DUEDATE_` timestamp(3) NULL DEFAULT NULL,
  `REPEAT_` varchar(255) CHARACTER SET utf8mb3 COLLATE utf8mb3_bin NULL DEFAULT NULL,
  `HANDLER_TYPE_` varchar(255) CHARACTER SET utf8mb3 COLLATE utf8mb3_bin NULL DEFAULT NULL,
  `HANDLER_CFG_` varchar(4000) CHARACTER SET utf8mb3 COLLATE utf8mb3_bin NULL DEFAULT NULL,
  `CUSTOM_VALUES_ID_` varchar(64) CHARACTER SET utf8mb3 COLLATE utf8mb3_bin NULL DEFAULT NULL,
  `CREATE_TIME_` timestamp(3) NULL DEFAULT NULL,
  `TENANT_ID_` varchar(255) CHARACTER SET utf8mb3 COLLATE utf8mb3_bin NULL DEFAULT '',
  PRIMARY KEY (`ID_`) USING BTREE,
  INDEX `ACT_IDX_DEADLETTER_JOB_EXCEPTION_STACK_ID`(`EXCEPTION_STACK_ID_` ASC) USING BTREE,
  INDEX `ACT_IDX_DEADLETTER_JOB_CUSTOM_VALUES_ID`(`CUSTOM_VALUES_ID_` ASC) USING BTREE,
  INDEX `ACT_IDX_DEADLETTER_JOB_CORRELATION_ID`(`CORRELATION_ID_` ASC) USING BTREE,
  INDEX `ACT_IDX_DJOB_SCOPE`(`SCOPE_ID_` ASC, `SCOPE_TYPE_` ASC) USING BTREE,
  INDEX `ACT_IDX_DJOB_SUB_SCOPE`(`SUB_SCOPE_ID_` ASC, `SCOPE_TYPE_` ASC) USING BTREE,
  INDEX `ACT_IDX_DJOB_SCOPE_DEF`(`SCOPE_DEFINITION_ID_` ASC, `SCOPE_TYPE_` ASC) USING BTREE,
  INDEX `ACT_FK_DEADLETTER_JOB_EXECUTION`(`EXECUTION_ID_` ASC) USING BTREE,
  INDEX `ACT_FK_DEADLETTER_JOB_PROCESS_INSTANCE`(`PROCESS_INSTANCE_ID_` ASC) USING BTREE,
  INDEX `ACT_FK_DEADLETTER_JOB_PROC_DEF`(`PROC_DEF_ID_` ASC) USING BTREE,
  CONSTRAINT `ACT_FK_DEADLETTER_JOB_CUSTOM_VALUES` FOREIGN KEY (`CUSTOM_VALUES_ID_`) REFERENCES `act_ge_bytearray` (`ID_`) ON DELETE RESTRICT ON UPDATE RESTRICT,
  CONSTRAINT `ACT_FK_DEADLETTER_JOB_EXCEPTION` FOREIGN KEY (`EXCEPTION_STACK_ID_`) REFERENCES `act_ge_bytearray` (`ID_`) ON DELETE RESTRICT ON UPDATE RESTRICT,
  CONSTRAINT `ACT_FK_DEADLETTER_JOB_EXECUTION` FOREIGN KEY (`EXECUTION_ID_`) REFERENCES `act_ru_execution` (`ID_`) ON DELETE RESTRICT ON UPDATE RESTRICT,
  CONSTRAINT `ACT_FK_DEADLETTER_JOB_PROC_DEF` FOREIGN KEY (`PROC_DEF_ID_`) REFERENCES `act_re_procdef` (`ID_`) ON DELETE RESTRICT ON UPDATE RESTRICT,
  CONSTRAINT `ACT_FK_DEADLETTER_JOB_PROCESS_INSTANCE` FOREIGN KEY (`PROCESS_INSTANCE_ID_`) REFERENCES `act_ru_execution` (`ID_`) ON DELETE RESTRICT ON UPDATE RESTRICT
) ENGINE = InnoDB CHARACTER SET = utf8mb3 COLLATE = utf8mb3_bin ROW_FORMAT = Dynamic;

-- ----------------------------
-- Records of act_ru_deadletter_job
-- ----------------------------

-- ----------------------------
-- Table structure for act_ru_entitylink
-- ----------------------------
DROP TABLE IF EXISTS `act_ru_entitylink`;
CREATE TABLE `act_ru_entitylink`  (
  `ID_` varchar(64) CHARACTER SET utf8mb3 COLLATE utf8mb3_bin NOT NULL,
  `REV_` int NULL DEFAULT NULL,
  `CREATE_TIME_` datetime(3) NULL DEFAULT NULL,
  `LINK_TYPE_` varchar(255) CHARACTER SET utf8mb3 COLLATE utf8mb3_bin NULL DEFAULT NULL,
  `SCOPE_ID_` varchar(255) CHARACTER SET utf8mb3 COLLATE utf8mb3_bin NULL DEFAULT NULL,
  `SUB_SCOPE_ID_` varchar(255) CHARACTER SET utf8mb3 COLLATE utf8mb3_bin NULL DEFAULT NULL,
  `SCOPE_TYPE_` varchar(255) CHARACTER SET utf8mb3 COLLATE utf8mb3_bin NULL DEFAULT NULL,
  `SCOPE_DEFINITION_ID_` varchar(255) CHARACTER SET utf8mb3 COLLATE utf8mb3_bin NULL DEFAULT NULL,
  `PARENT_ELEMENT_ID_` varchar(255) CHARACTER SET utf8mb3 COLLATE utf8mb3_bin NULL DEFAULT NULL,
  `REF_SCOPE_ID_` varchar(255) CHARACTER SET utf8mb3 COLLATE utf8mb3_bin NULL DEFAULT NULL,
  `REF_SCOPE_TYPE_` varchar(255) CHARACTER SET utf8mb3 COLLATE utf8mb3_bin NULL DEFAULT NULL,
  `REF_SCOPE_DEFINITION_ID_` varchar(255) CHARACTER SET utf8mb3 COLLATE utf8mb3_bin NULL DEFAULT NULL,
  `ROOT_SCOPE_ID_` varchar(255) CHARACTER SET utf8mb3 COLLATE utf8mb3_bin NULL DEFAULT NULL,
  `ROOT_SCOPE_TYPE_` varchar(255) CHARACTER SET utf8mb3 COLLATE utf8mb3_bin NULL DEFAULT NULL,
  `HIERARCHY_TYPE_` varchar(255) CHARACTER SET utf8mb3 COLLATE utf8mb3_bin NULL DEFAULT NULL,
  PRIMARY KEY (`ID_`) USING BTREE,
  INDEX `ACT_IDX_ENT_LNK_SCOPE`(`SCOPE_ID_` ASC, `SCOPE_TYPE_` ASC, `LINK_TYPE_` ASC) USING BTREE,
  INDEX `ACT_IDX_ENT_LNK_REF_SCOPE`(`REF_SCOPE_ID_` ASC, `REF_SCOPE_TYPE_` ASC, `LINK_TYPE_` ASC) USING BTREE,
  INDEX `ACT_IDX_ENT_LNK_ROOT_SCOPE`(`ROOT_SCOPE_ID_` ASC, `ROOT_SCOPE_TYPE_` ASC, `LINK_TYPE_` ASC) USING BTREE,
  INDEX `ACT_IDX_ENT_LNK_SCOPE_DEF`(`SCOPE_DEFINITION_ID_` ASC, `SCOPE_TYPE_` ASC, `LINK_TYPE_` ASC) USING BTREE
) ENGINE = InnoDB CHARACTER SET = utf8mb3 COLLATE = utf8mb3_bin ROW_FORMAT = Dynamic;

-- ----------------------------
-- Records of act_ru_entitylink
-- ----------------------------

-- ----------------------------
-- Table structure for act_ru_event_subscr
-- ----------------------------
DROP TABLE IF EXISTS `act_ru_event_subscr`;
CREATE TABLE `act_ru_event_subscr`  (
  `ID_` varchar(64) CHARACTER SET utf8mb3 COLLATE utf8mb3_bin NOT NULL,
  `REV_` int NULL DEFAULT NULL,
  `EVENT_TYPE_` varchar(255) CHARACTER SET utf8mb3 COLLATE utf8mb3_bin NOT NULL,
  `EVENT_NAME_` varchar(255) CHARACTER SET utf8mb3 COLLATE utf8mb3_bin NULL DEFAULT NULL,
  `EXECUTION_ID_` varchar(64) CHARACTER SET utf8mb3 COLLATE utf8mb3_bin NULL DEFAULT NULL,
  `PROC_INST_ID_` varchar(64) CHARACTER SET utf8mb3 COLLATE utf8mb3_bin NULL DEFAULT NULL,
  `ACTIVITY_ID_` varchar(64) CHARACTER SET utf8mb3 COLLATE utf8mb3_bin NULL DEFAULT NULL,
  `CONFIGURATION_` varchar(255) CHARACTER SET utf8mb3 COLLATE utf8mb3_bin NULL DEFAULT NULL,
  `CREATED_` timestamp(3) NOT NULL DEFAULT CURRENT_TIMESTAMP(3),
  `PROC_DEF_ID_` varchar(64) CHARACTER SET utf8mb3 COLLATE utf8mb3_bin NULL DEFAULT NULL,
  `SUB_SCOPE_ID_` varchar(64) CHARACTER SET utf8mb3 COLLATE utf8mb3_bin NULL DEFAULT NULL,
  `SCOPE_ID_` varchar(64) CHARACTER SET utf8mb3 COLLATE utf8mb3_bin NULL DEFAULT NULL,
  `SCOPE_DEFINITION_ID_` varchar(64) CHARACTER SET utf8mb3 COLLATE utf8mb3_bin NULL DEFAULT NULL,
  `SCOPE_TYPE_` varchar(64) CHARACTER SET utf8mb3 COLLATE utf8mb3_bin NULL DEFAULT NULL,
  `TENANT_ID_` varchar(255) CHARACTER SET utf8mb3 COLLATE utf8mb3_bin NULL DEFAULT '',
  PRIMARY KEY (`ID_`) USING BTREE,
  INDEX `ACT_IDX_EVENT_SUBSCR_CONFIG_`(`CONFIGURATION_` ASC) USING BTREE,
  INDEX `ACT_FK_EVENT_EXEC`(`EXECUTION_ID_` ASC) USING BTREE,
  CONSTRAINT `ACT_FK_EVENT_EXEC` FOREIGN KEY (`EXECUTION_ID_`) REFERENCES `act_ru_execution` (`ID_`) ON DELETE RESTRICT ON UPDATE RESTRICT
) ENGINE = InnoDB CHARACTER SET = utf8mb3 COLLATE = utf8mb3_bin ROW_FORMAT = Dynamic;

-- ----------------------------
-- Records of act_ru_event_subscr
-- ----------------------------

-- ----------------------------
-- Table structure for act_ru_execution
-- ----------------------------
DROP TABLE IF EXISTS `act_ru_execution`;
CREATE TABLE `act_ru_execution`  (
  `ID_` varchar(64) CHARACTER SET utf8mb3 COLLATE utf8mb3_bin NOT NULL,
  `REV_` int NULL DEFAULT NULL,
  `PROC_INST_ID_` varchar(64) CHARACTER SET utf8mb3 COLLATE utf8mb3_bin NULL DEFAULT NULL,
  `BUSINESS_KEY_` varchar(255) CHARACTER SET utf8mb3 COLLATE utf8mb3_bin NULL DEFAULT NULL,
  `PARENT_ID_` varchar(64) CHARACTER SET utf8mb3 COLLATE utf8mb3_bin NULL DEFAULT NULL,
  `PROC_DEF_ID_` varchar(64) CHARACTER SET utf8mb3 COLLATE utf8mb3_bin NULL DEFAULT NULL,
  `SUPER_EXEC_` varchar(64) CHARACTER SET utf8mb3 COLLATE utf8mb3_bin NULL DEFAULT NULL,
  `ROOT_PROC_INST_ID_` varchar(64) CHARACTER SET utf8mb3 COLLATE utf8mb3_bin NULL DEFAULT NULL,
  `ACT_ID_` varchar(255) CHARACTER SET utf8mb3 COLLATE utf8mb3_bin NULL DEFAULT NULL,
  `IS_ACTIVE_` tinyint NULL DEFAULT NULL,
  `IS_CONCURRENT_` tinyint NULL DEFAULT NULL,
  `IS_SCOPE_` tinyint NULL DEFAULT NULL,
  `IS_EVENT_SCOPE_` tinyint NULL DEFAULT NULL,
  `IS_MI_ROOT_` tinyint NULL DEFAULT NULL,
  `SUSPENSION_STATE_` int NULL DEFAULT NULL,
  `CACHED_ENT_STATE_` int NULL DEFAULT NULL,
  `TENANT_ID_` varchar(255) CHARACTER SET utf8mb3 COLLATE utf8mb3_bin NULL DEFAULT '',
  `NAME_` varchar(255) CHARACTER SET utf8mb3 COLLATE utf8mb3_bin NULL DEFAULT NULL,
  `START_ACT_ID_` varchar(255) CHARACTER SET utf8mb3 COLLATE utf8mb3_bin NULL DEFAULT NULL,
  `START_TIME_` datetime(3) NULL DEFAULT NULL,
  `START_USER_ID_` varchar(255) CHARACTER SET utf8mb3 COLLATE utf8mb3_bin NULL DEFAULT NULL,
  `LOCK_TIME_` timestamp(3) NULL DEFAULT NULL,
  `LOCK_OWNER_` varchar(255) CHARACTER SET utf8mb3 COLLATE utf8mb3_bin NULL DEFAULT NULL,
  `IS_COUNT_ENABLED_` tinyint NULL DEFAULT NULL,
  `EVT_SUBSCR_COUNT_` int NULL DEFAULT NULL,
  `TASK_COUNT_` int NULL DEFAULT NULL,
  `JOB_COUNT_` int NULL DEFAULT NULL,
  `TIMER_JOB_COUNT_` int NULL DEFAULT NULL,
  `SUSP_JOB_COUNT_` int NULL DEFAULT NULL,
  `DEADLETTER_JOB_COUNT_` int NULL DEFAULT NULL,
  `EXTERNAL_WORKER_JOB_COUNT_` int NULL DEFAULT NULL,
  `VAR_COUNT_` int NULL DEFAULT NULL,
  `ID_LINK_COUNT_` int NULL DEFAULT NULL,
  `CALLBACK_ID_` varchar(255) CHARACTER SET utf8mb3 COLLATE utf8mb3_bin NULL DEFAULT NULL,
  `CALLBACK_TYPE_` varchar(255) CHARACTER SET utf8mb3 COLLATE utf8mb3_bin NULL DEFAULT NULL,
  `REFERENCE_ID_` varchar(255) CHARACTER SET utf8mb3 COLLATE utf8mb3_bin NULL DEFAULT NULL,
  `REFERENCE_TYPE_` varchar(255) CHARACTER SET utf8mb3 COLLATE utf8mb3_bin NULL DEFAULT NULL,
  `PROPAGATED_STAGE_INST_ID_` varchar(255) CHARACTER SET utf8mb3 COLLATE utf8mb3_bin NULL DEFAULT NULL,
  `BUSINESS_STATUS_` varchar(255) CHARACTER SET utf8mb3 COLLATE utf8mb3_bin NULL DEFAULT NULL,
  PRIMARY KEY (`ID_`) USING BTREE,
  INDEX `ACT_IDX_EXEC_BUSKEY`(`BUSINESS_KEY_` ASC) USING BTREE,
  INDEX `ACT_IDC_EXEC_ROOT`(`ROOT_PROC_INST_ID_` ASC) USING BTREE,
  INDEX `ACT_IDX_EXEC_REF_ID_`(`REFERENCE_ID_` ASC) USING BTREE,
  INDEX `ACT_FK_EXE_PROCINST`(`PROC_INST_ID_` ASC) USING BTREE,
  INDEX `ACT_FK_EXE_PARENT`(`PARENT_ID_` ASC) USING BTREE,
  INDEX `ACT_FK_EXE_SUPER`(`SUPER_EXEC_` ASC) USING BTREE,
  INDEX `ACT_FK_EXE_PROCDEF`(`PROC_DEF_ID_` ASC) USING BTREE,
  CONSTRAINT `ACT_FK_EXE_PARENT` FOREIGN KEY (`PARENT_ID_`) REFERENCES `act_ru_execution` (`ID_`) ON DELETE CASCADE ON UPDATE RESTRICT,
  CONSTRAINT `ACT_FK_EXE_PROCDEF` FOREIGN KEY (`PROC_DEF_ID_`) REFERENCES `act_re_procdef` (`ID_`) ON DELETE RESTRICT ON UPDATE RESTRICT,
  CONSTRAINT `ACT_FK_EXE_PROCINST` FOREIGN KEY (`PROC_INST_ID_`) REFERENCES `act_ru_execution` (`ID_`) ON DELETE CASCADE ON UPDATE CASCADE,
  CONSTRAINT `ACT_FK_EXE_SUPER` FOREIGN KEY (`SUPER_EXEC_`) REFERENCES `act_ru_execution` (`ID_`) ON DELETE CASCADE ON UPDATE RESTRICT
) ENGINE = InnoDB CHARACTER SET = utf8mb3 COLLATE = utf8mb3_bin ROW_FORMAT = Dynamic;

-- ----------------------------
-- Records of act_ru_execution
-- ----------------------------

-- ----------------------------
-- Table structure for act_ru_external_job
-- ----------------------------
DROP TABLE IF EXISTS `act_ru_external_job`;
CREATE TABLE `act_ru_external_job`  (
  `ID_` varchar(64) CHARACTER SET utf8mb3 COLLATE utf8mb3_bin NOT NULL,
  `REV_` int NULL DEFAULT NULL,
  `CATEGORY_` varchar(255) CHARACTER SET utf8mb3 COLLATE utf8mb3_bin NULL DEFAULT NULL,
  `TYPE_` varchar(255) CHARACTER SET utf8mb3 COLLATE utf8mb3_bin NOT NULL,
  `LOCK_EXP_TIME_` timestamp(3) NULL DEFAULT NULL,
  `LOCK_OWNER_` varchar(255) CHARACTER SET utf8mb3 COLLATE utf8mb3_bin NULL DEFAULT NULL,
  `EXCLUSIVE_` tinyint(1) NULL DEFAULT NULL,
  `EXECUTION_ID_` varchar(64) CHARACTER SET utf8mb3 COLLATE utf8mb3_bin NULL DEFAULT NULL,
  `PROCESS_INSTANCE_ID_` varchar(64) CHARACTER SET utf8mb3 COLLATE utf8mb3_bin NULL DEFAULT NULL,
  `PROC_DEF_ID_` varchar(64) CHARACTER SET utf8mb3 COLLATE utf8mb3_bin NULL DEFAULT NULL,
  `ELEMENT_ID_` varchar(255) CHARACTER SET utf8mb3 COLLATE utf8mb3_bin NULL DEFAULT NULL,
  `ELEMENT_NAME_` varchar(255) CHARACTER SET utf8mb3 COLLATE utf8mb3_bin NULL DEFAULT NULL,
  `SCOPE_ID_` varchar(255) CHARACTER SET utf8mb3 COLLATE utf8mb3_bin NULL DEFAULT NULL,
  `SUB_SCOPE_ID_` varchar(255) CHARACTER SET utf8mb3 COLLATE utf8mb3_bin NULL DEFAULT NULL,
  `SCOPE_TYPE_` varchar(255) CHARACTER SET utf8mb3 COLLATE utf8mb3_bin NULL DEFAULT NULL,
  `SCOPE_DEFINITION_ID_` varchar(255) CHARACTER SET utf8mb3 COLLATE utf8mb3_bin NULL DEFAULT NULL,
  `CORRELATION_ID_` varchar(255) CHARACTER SET utf8mb3 COLLATE utf8mb3_bin NULL DEFAULT NULL,
  `RETRIES_` int NULL DEFAULT NULL,
  `EXCEPTION_STACK_ID_` varchar(64) CHARACTER SET utf8mb3 COLLATE utf8mb3_bin NULL DEFAULT NULL,
  `EXCEPTION_MSG_` varchar(4000) CHARACTER SET utf8mb3 COLLATE utf8mb3_bin NULL DEFAULT NULL,
  `DUEDATE_` timestamp(3) NULL DEFAULT NULL,
  `REPEAT_` varchar(255) CHARACTER SET utf8mb3 COLLATE utf8mb3_bin NULL DEFAULT NULL,
  `HANDLER_TYPE_` varchar(255) CHARACTER SET utf8mb3 COLLATE utf8mb3_bin NULL DEFAULT NULL,
  `HANDLER_CFG_` varchar(4000) CHARACTER SET utf8mb3 COLLATE utf8mb3_bin NULL DEFAULT NULL,
  `CUSTOM_VALUES_ID_` varchar(64) CHARACTER SET utf8mb3 COLLATE utf8mb3_bin NULL DEFAULT NULL,
  `CREATE_TIME_` timestamp(3) NULL DEFAULT NULL,
  `TENANT_ID_` varchar(255) CHARACTER SET utf8mb3 COLLATE utf8mb3_bin NULL DEFAULT '',
  PRIMARY KEY (`ID_`) USING BTREE,
  INDEX `ACT_IDX_EXTERNAL_JOB_EXCEPTION_STACK_ID`(`EXCEPTION_STACK_ID_` ASC) USING BTREE,
  INDEX `ACT_IDX_EXTERNAL_JOB_CUSTOM_VALUES_ID`(`CUSTOM_VALUES_ID_` ASC) USING BTREE,
  INDEX `ACT_IDX_EXTERNAL_JOB_CORRELATION_ID`(`CORRELATION_ID_` ASC) USING BTREE,
  INDEX `ACT_IDX_EJOB_SCOPE`(`SCOPE_ID_` ASC, `SCOPE_TYPE_` ASC) USING BTREE,
  INDEX `ACT_IDX_EJOB_SUB_SCOPE`(`SUB_SCOPE_ID_` ASC, `SCOPE_TYPE_` ASC) USING BTREE,
  INDEX `ACT_IDX_EJOB_SCOPE_DEF`(`SCOPE_DEFINITION_ID_` ASC, `SCOPE_TYPE_` ASC) USING BTREE,
  CONSTRAINT `ACT_FK_EXTERNAL_JOB_CUSTOM_VALUES` FOREIGN KEY (`CUSTOM_VALUES_ID_`) REFERENCES `act_ge_bytearray` (`ID_`) ON DELETE RESTRICT ON UPDATE RESTRICT,
  CONSTRAINT `ACT_FK_EXTERNAL_JOB_EXCEPTION` FOREIGN KEY (`EXCEPTION_STACK_ID_`) REFERENCES `act_ge_bytearray` (`ID_`) ON DELETE RESTRICT ON UPDATE RESTRICT
) ENGINE = InnoDB CHARACTER SET = utf8mb3 COLLATE = utf8mb3_bin ROW_FORMAT = Dynamic;

-- ----------------------------
-- Records of act_ru_external_job
-- ----------------------------

-- ----------------------------
-- Table structure for act_ru_history_job
-- ----------------------------
DROP TABLE IF EXISTS `act_ru_history_job`;
CREATE TABLE `act_ru_history_job`  (
  `ID_` varchar(64) CHARACTER SET utf8mb3 COLLATE utf8mb3_bin NOT NULL,
  `REV_` int NULL DEFAULT NULL,
  `LOCK_EXP_TIME_` timestamp(3) NULL DEFAULT NULL,
  `LOCK_OWNER_` varchar(255) CHARACTER SET utf8mb3 COLLATE utf8mb3_bin NULL DEFAULT NULL,
  `RETRIES_` int NULL DEFAULT NULL,
  `EXCEPTION_STACK_ID_` varchar(64) CHARACTER SET utf8mb3 COLLATE utf8mb3_bin NULL DEFAULT NULL,
  `EXCEPTION_MSG_` varchar(4000) CHARACTER SET utf8mb3 COLLATE utf8mb3_bin NULL DEFAULT NULL,
  `HANDLER_TYPE_` varchar(255) CHARACTER SET utf8mb3 COLLATE utf8mb3_bin NULL DEFAULT NULL,
  `HANDLER_CFG_` varchar(4000) CHARACTER SET utf8mb3 COLLATE utf8mb3_bin NULL DEFAULT NULL,
  `CUSTOM_VALUES_ID_` varchar(64) CHARACTER SET utf8mb3 COLLATE utf8mb3_bin NULL DEFAULT NULL,
  `ADV_HANDLER_CFG_ID_` varchar(64) CHARACTER SET utf8mb3 COLLATE utf8mb3_bin NULL DEFAULT NULL,
  `CREATE_TIME_` timestamp(3) NULL DEFAULT NULL,
  `SCOPE_TYPE_` varchar(255) CHARACTER SET utf8mb3 COLLATE utf8mb3_bin NULL DEFAULT NULL,
  `TENANT_ID_` varchar(255) CHARACTER SET utf8mb3 COLLATE utf8mb3_bin NULL DEFAULT '',
  PRIMARY KEY (`ID_`) USING BTREE
) ENGINE = InnoDB CHARACTER SET = utf8mb3 COLLATE = utf8mb3_bin ROW_FORMAT = Dynamic;

-- ----------------------------
-- Records of act_ru_history_job
-- ----------------------------

-- ----------------------------
-- Table structure for act_ru_identitylink
-- ----------------------------
DROP TABLE IF EXISTS `act_ru_identitylink`;
CREATE TABLE `act_ru_identitylink`  (
  `ID_` varchar(64) CHARACTER SET utf8mb3 COLLATE utf8mb3_bin NOT NULL,
  `REV_` int NULL DEFAULT NULL,
  `GROUP_ID_` varchar(255) CHARACTER SET utf8mb3 COLLATE utf8mb3_bin NULL DEFAULT NULL,
  `TYPE_` varchar(255) CHARACTER SET utf8mb3 COLLATE utf8mb3_bin NULL DEFAULT NULL,
  `USER_ID_` varchar(255) CHARACTER SET utf8mb3 COLLATE utf8mb3_bin NULL DEFAULT NULL,
  `TASK_ID_` varchar(64) CHARACTER SET utf8mb3 COLLATE utf8mb3_bin NULL DEFAULT NULL,
  `PROC_INST_ID_` varchar(64) CHARACTER SET utf8mb3 COLLATE utf8mb3_bin NULL DEFAULT NULL,
  `PROC_DEF_ID_` varchar(64) CHARACTER SET utf8mb3 COLLATE utf8mb3_bin NULL DEFAULT NULL,
  `SCOPE_ID_` varchar(255) CHARACTER SET utf8mb3 COLLATE utf8mb3_bin NULL DEFAULT NULL,
  `SUB_SCOPE_ID_` varchar(255) CHARACTER SET utf8mb3 COLLATE utf8mb3_bin NULL DEFAULT NULL,
  `SCOPE_TYPE_` varchar(255) CHARACTER SET utf8mb3 COLLATE utf8mb3_bin NULL DEFAULT NULL,
  `SCOPE_DEFINITION_ID_` varchar(255) CHARACTER SET utf8mb3 COLLATE utf8mb3_bin NULL DEFAULT NULL,
  PRIMARY KEY (`ID_`) USING BTREE,
  INDEX `ACT_IDX_IDENT_LNK_USER`(`USER_ID_` ASC) USING BTREE,
  INDEX `ACT_IDX_IDENT_LNK_GROUP`(`GROUP_ID_` ASC) USING BTREE,
  INDEX `ACT_IDX_IDENT_LNK_SCOPE`(`SCOPE_ID_` ASC, `SCOPE_TYPE_` ASC) USING BTREE,
  INDEX `ACT_IDX_IDENT_LNK_SUB_SCOPE`(`SUB_SCOPE_ID_` ASC, `SCOPE_TYPE_` ASC) USING BTREE,
  INDEX `ACT_IDX_IDENT_LNK_SCOPE_DEF`(`SCOPE_DEFINITION_ID_` ASC, `SCOPE_TYPE_` ASC) USING BTREE,
  INDEX `ACT_IDX_ATHRZ_PROCEDEF`(`PROC_DEF_ID_` ASC) USING BTREE,
  INDEX `ACT_FK_TSKASS_TASK`(`TASK_ID_` ASC) USING BTREE,
  INDEX `ACT_FK_IDL_PROCINST`(`PROC_INST_ID_` ASC) USING BTREE,
  CONSTRAINT `ACT_FK_ATHRZ_PROCEDEF` FOREIGN KEY (`PROC_DEF_ID_`) REFERENCES `act_re_procdef` (`ID_`) ON DELETE RESTRICT ON UPDATE RESTRICT,
  CONSTRAINT `ACT_FK_IDL_PROCINST` FOREIGN KEY (`PROC_INST_ID_`) REFERENCES `act_ru_execution` (`ID_`) ON DELETE RESTRICT ON UPDATE RESTRICT,
  CONSTRAINT `ACT_FK_TSKASS_TASK` FOREIGN KEY (`TASK_ID_`) REFERENCES `act_ru_task` (`ID_`) ON DELETE RESTRICT ON UPDATE RESTRICT
) ENGINE = InnoDB CHARACTER SET = utf8mb3 COLLATE = utf8mb3_bin ROW_FORMAT = Dynamic;

-- ----------------------------
-- Records of act_ru_identitylink
-- ----------------------------

-- ----------------------------
-- Table structure for act_ru_job
-- ----------------------------
DROP TABLE IF EXISTS `act_ru_job`;
CREATE TABLE `act_ru_job`  (
  `ID_` varchar(64) CHARACTER SET utf8mb3 COLLATE utf8mb3_bin NOT NULL,
  `REV_` int NULL DEFAULT NULL,
  `CATEGORY_` varchar(255) CHARACTER SET utf8mb3 COLLATE utf8mb3_bin NULL DEFAULT NULL,
  `TYPE_` varchar(255) CHARACTER SET utf8mb3 COLLATE utf8mb3_bin NOT NULL,
  `LOCK_EXP_TIME_` timestamp(3) NULL DEFAULT NULL,
  `LOCK_OWNER_` varchar(255) CHARACTER SET utf8mb3 COLLATE utf8mb3_bin NULL DEFAULT NULL,
  `EXCLUSIVE_` tinyint(1) NULL DEFAULT NULL,
  `EXECUTION_ID_` varchar(64) CHARACTER SET utf8mb3 COLLATE utf8mb3_bin NULL DEFAULT NULL,
  `PROCESS_INSTANCE_ID_` varchar(64) CHARACTER SET utf8mb3 COLLATE utf8mb3_bin NULL DEFAULT NULL,
  `PROC_DEF_ID_` varchar(64) CHARACTER SET utf8mb3 COLLATE utf8mb3_bin NULL DEFAULT NULL,
  `ELEMENT_ID_` varchar(255) CHARACTER SET utf8mb3 COLLATE utf8mb3_bin NULL DEFAULT NULL,
  `ELEMENT_NAME_` varchar(255) CHARACTER SET utf8mb3 COLLATE utf8mb3_bin NULL DEFAULT NULL,
  `SCOPE_ID_` varchar(255) CHARACTER SET utf8mb3 COLLATE utf8mb3_bin NULL DEFAULT NULL,
  `SUB_SCOPE_ID_` varchar(255) CHARACTER SET utf8mb3 COLLATE utf8mb3_bin NULL DEFAULT NULL,
  `SCOPE_TYPE_` varchar(255) CHARACTER SET utf8mb3 COLLATE utf8mb3_bin NULL DEFAULT NULL,
  `SCOPE_DEFINITION_ID_` varchar(255) CHARACTER SET utf8mb3 COLLATE utf8mb3_bin NULL DEFAULT NULL,
  `CORRELATION_ID_` varchar(255) CHARACTER SET utf8mb3 COLLATE utf8mb3_bin NULL DEFAULT NULL,
  `RETRIES_` int NULL DEFAULT NULL,
  `EXCEPTION_STACK_ID_` varchar(64) CHARACTER SET utf8mb3 COLLATE utf8mb3_bin NULL DEFAULT NULL,
  `EXCEPTION_MSG_` varchar(4000) CHARACTER SET utf8mb3 COLLATE utf8mb3_bin NULL DEFAULT NULL,
  `DUEDATE_` timestamp(3) NULL DEFAULT NULL,
  `REPEAT_` varchar(255) CHARACTER SET utf8mb3 COLLATE utf8mb3_bin NULL DEFAULT NULL,
  `HANDLER_TYPE_` varchar(255) CHARACTER SET utf8mb3 COLLATE utf8mb3_bin NULL DEFAULT NULL,
  `HANDLER_CFG_` varchar(4000) CHARACTER SET utf8mb3 COLLATE utf8mb3_bin NULL DEFAULT NULL,
  `CUSTOM_VALUES_ID_` varchar(64) CHARACTER SET utf8mb3 COLLATE utf8mb3_bin NULL DEFAULT NULL,
  `CREATE_TIME_` timestamp(3) NULL DEFAULT NULL,
  `TENANT_ID_` varchar(255) CHARACTER SET utf8mb3 COLLATE utf8mb3_bin NULL DEFAULT '',
  PRIMARY KEY (`ID_`) USING BTREE,
  INDEX `ACT_IDX_JOB_EXCEPTION_STACK_ID`(`EXCEPTION_STACK_ID_` ASC) USING BTREE,
  INDEX `ACT_IDX_JOB_CUSTOM_VALUES_ID`(`CUSTOM_VALUES_ID_` ASC) USING BTREE,
  INDEX `ACT_IDX_JOB_CORRELATION_ID`(`CORRELATION_ID_` ASC) USING BTREE,
  INDEX `ACT_IDX_JOB_SCOPE`(`SCOPE_ID_` ASC, `SCOPE_TYPE_` ASC) USING BTREE,
  INDEX `ACT_IDX_JOB_SUB_SCOPE`(`SUB_SCOPE_ID_` ASC, `SCOPE_TYPE_` ASC) USING BTREE,
  INDEX `ACT_IDX_JOB_SCOPE_DEF`(`SCOPE_DEFINITION_ID_` ASC, `SCOPE_TYPE_` ASC) USING BTREE,
  INDEX `ACT_FK_JOB_EXECUTION`(`EXECUTION_ID_` ASC) USING BTREE,
  INDEX `ACT_FK_JOB_PROCESS_INSTANCE`(`PROCESS_INSTANCE_ID_` ASC) USING BTREE,
  INDEX `ACT_FK_JOB_PROC_DEF`(`PROC_DEF_ID_` ASC) USING BTREE,
  CONSTRAINT `ACT_FK_JOB_CUSTOM_VALUES` FOREIGN KEY (`CUSTOM_VALUES_ID_`) REFERENCES `act_ge_bytearray` (`ID_`) ON DELETE RESTRICT ON UPDATE RESTRICT,
  CONSTRAINT `ACT_FK_JOB_EXCEPTION` FOREIGN KEY (`EXCEPTION_STACK_ID_`) REFERENCES `act_ge_bytearray` (`ID_`) ON DELETE RESTRICT ON UPDATE RESTRICT,
  CONSTRAINT `ACT_FK_JOB_EXECUTION` FOREIGN KEY (`EXECUTION_ID_`) REFERENCES `act_ru_execution` (`ID_`) ON DELETE RESTRICT ON UPDATE RESTRICT,
  CONSTRAINT `ACT_FK_JOB_PROC_DEF` FOREIGN KEY (`PROC_DEF_ID_`) REFERENCES `act_re_procdef` (`ID_`) ON DELETE RESTRICT ON UPDATE RESTRICT,
  CONSTRAINT `ACT_FK_JOB_PROCESS_INSTANCE` FOREIGN KEY (`PROCESS_INSTANCE_ID_`) REFERENCES `act_ru_execution` (`ID_`) ON DELETE RESTRICT ON UPDATE RESTRICT
) ENGINE = InnoDB CHARACTER SET = utf8mb3 COLLATE = utf8mb3_bin ROW_FORMAT = Dynamic;

-- ----------------------------
-- Records of act_ru_job
-- ----------------------------

-- ----------------------------
-- Table structure for act_ru_suspended_job
-- ----------------------------
DROP TABLE IF EXISTS `act_ru_suspended_job`;
CREATE TABLE `act_ru_suspended_job`  (
  `ID_` varchar(64) CHARACTER SET utf8mb3 COLLATE utf8mb3_bin NOT NULL,
  `REV_` int NULL DEFAULT NULL,
  `CATEGORY_` varchar(255) CHARACTER SET utf8mb3 COLLATE utf8mb3_bin NULL DEFAULT NULL,
  `TYPE_` varchar(255) CHARACTER SET utf8mb3 COLLATE utf8mb3_bin NOT NULL,
  `EXCLUSIVE_` tinyint(1) NULL DEFAULT NULL,
  `EXECUTION_ID_` varchar(64) CHARACTER SET utf8mb3 COLLATE utf8mb3_bin NULL DEFAULT NULL,
  `PROCESS_INSTANCE_ID_` varchar(64) CHARACTER SET utf8mb3 COLLATE utf8mb3_bin NULL DEFAULT NULL,
  `PROC_DEF_ID_` varchar(64) CHARACTER SET utf8mb3 COLLATE utf8mb3_bin NULL DEFAULT NULL,
  `ELEMENT_ID_` varchar(255) CHARACTER SET utf8mb3 COLLATE utf8mb3_bin NULL DEFAULT NULL,
  `ELEMENT_NAME_` varchar(255) CHARACTER SET utf8mb3 COLLATE utf8mb3_bin NULL DEFAULT NULL,
  `SCOPE_ID_` varchar(255) CHARACTER SET utf8mb3 COLLATE utf8mb3_bin NULL DEFAULT NULL,
  `SUB_SCOPE_ID_` varchar(255) CHARACTER SET utf8mb3 COLLATE utf8mb3_bin NULL DEFAULT NULL,
  `SCOPE_TYPE_` varchar(255) CHARACTER SET utf8mb3 COLLATE utf8mb3_bin NULL DEFAULT NULL,
  `SCOPE_DEFINITION_ID_` varchar(255) CHARACTER SET utf8mb3 COLLATE utf8mb3_bin NULL DEFAULT NULL,
  `CORRELATION_ID_` varchar(255) CHARACTER SET utf8mb3 COLLATE utf8mb3_bin NULL DEFAULT NULL,
  `RETRIES_` int NULL DEFAULT NULL,
  `EXCEPTION_STACK_ID_` varchar(64) CHARACTER SET utf8mb3 COLLATE utf8mb3_bin NULL DEFAULT NULL,
  `EXCEPTION_MSG_` varchar(4000) CHARACTER SET utf8mb3 COLLATE utf8mb3_bin NULL DEFAULT NULL,
  `DUEDATE_` timestamp(3) NULL DEFAULT NULL,
  `REPEAT_` varchar(255) CHARACTER SET utf8mb3 COLLATE utf8mb3_bin NULL DEFAULT NULL,
  `HANDLER_TYPE_` varchar(255) CHARACTER SET utf8mb3 COLLATE utf8mb3_bin NULL DEFAULT NULL,
  `HANDLER_CFG_` varchar(4000) CHARACTER SET utf8mb3 COLLATE utf8mb3_bin NULL DEFAULT NULL,
  `CUSTOM_VALUES_ID_` varchar(64) CHARACTER SET utf8mb3 COLLATE utf8mb3_bin NULL DEFAULT NULL,
  `CREATE_TIME_` timestamp(3) NULL DEFAULT NULL,
  `TENANT_ID_` varchar(255) CHARACTER SET utf8mb3 COLLATE utf8mb3_bin NULL DEFAULT '',
  PRIMARY KEY (`ID_`) USING BTREE,
  INDEX `ACT_IDX_SUSPENDED_JOB_EXCEPTION_STACK_ID`(`EXCEPTION_STACK_ID_` ASC) USING BTREE,
  INDEX `ACT_IDX_SUSPENDED_JOB_CUSTOM_VALUES_ID`(`CUSTOM_VALUES_ID_` ASC) USING BTREE,
  INDEX `ACT_IDX_SUSPENDED_JOB_CORRELATION_ID`(`CORRELATION_ID_` ASC) USING BTREE,
  INDEX `ACT_IDX_SJOB_SCOPE`(`SCOPE_ID_` ASC, `SCOPE_TYPE_` ASC) USING BTREE,
  INDEX `ACT_IDX_SJOB_SUB_SCOPE`(`SUB_SCOPE_ID_` ASC, `SCOPE_TYPE_` ASC) USING BTREE,
  INDEX `ACT_IDX_SJOB_SCOPE_DEF`(`SCOPE_DEFINITION_ID_` ASC, `SCOPE_TYPE_` ASC) USING BTREE,
  INDEX `ACT_FK_SUSPENDED_JOB_EXECUTION`(`EXECUTION_ID_` ASC) USING BTREE,
  INDEX `ACT_FK_SUSPENDED_JOB_PROCESS_INSTANCE`(`PROCESS_INSTANCE_ID_` ASC) USING BTREE,
  INDEX `ACT_FK_SUSPENDED_JOB_PROC_DEF`(`PROC_DEF_ID_` ASC) USING BTREE,
  CONSTRAINT `ACT_FK_SUSPENDED_JOB_CUSTOM_VALUES` FOREIGN KEY (`CUSTOM_VALUES_ID_`) REFERENCES `act_ge_bytearray` (`ID_`) ON DELETE RESTRICT ON UPDATE RESTRICT,
  CONSTRAINT `ACT_FK_SUSPENDED_JOB_EXCEPTION` FOREIGN KEY (`EXCEPTION_STACK_ID_`) REFERENCES `act_ge_bytearray` (`ID_`) ON DELETE RESTRICT ON UPDATE RESTRICT,
  CONSTRAINT `ACT_FK_SUSPENDED_JOB_EXECUTION` FOREIGN KEY (`EXECUTION_ID_`) REFERENCES `act_ru_execution` (`ID_`) ON DELETE RESTRICT ON UPDATE RESTRICT,
  CONSTRAINT `ACT_FK_SUSPENDED_JOB_PROC_DEF` FOREIGN KEY (`PROC_DEF_ID_`) REFERENCES `act_re_procdef` (`ID_`) ON DELETE RESTRICT ON UPDATE RESTRICT,
  CONSTRAINT `ACT_FK_SUSPENDED_JOB_PROCESS_INSTANCE` FOREIGN KEY (`PROCESS_INSTANCE_ID_`) REFERENCES `act_ru_execution` (`ID_`) ON DELETE RESTRICT ON UPDATE RESTRICT
) ENGINE = InnoDB CHARACTER SET = utf8mb3 COLLATE = utf8mb3_bin ROW_FORMAT = Dynamic;

-- ----------------------------
-- Records of act_ru_suspended_job
-- ----------------------------

-- ----------------------------
-- Table structure for act_ru_task
-- ----------------------------
DROP TABLE IF EXISTS `act_ru_task`;
CREATE TABLE `act_ru_task`  (
  `ID_` varchar(64) CHARACTER SET utf8mb3 COLLATE utf8mb3_bin NOT NULL,
  `REV_` int NULL DEFAULT NULL,
  `EXECUTION_ID_` varchar(64) CHARACTER SET utf8mb3 COLLATE utf8mb3_bin NULL DEFAULT NULL,
  `PROC_INST_ID_` varchar(64) CHARACTER SET utf8mb3 COLLATE utf8mb3_bin NULL DEFAULT NULL,
  `PROC_DEF_ID_` varchar(64) CHARACTER SET utf8mb3 COLLATE utf8mb3_bin NULL DEFAULT NULL,
  `TASK_DEF_ID_` varchar(64) CHARACTER SET utf8mb3 COLLATE utf8mb3_bin NULL DEFAULT NULL,
  `SCOPE_ID_` varchar(255) CHARACTER SET utf8mb3 COLLATE utf8mb3_bin NULL DEFAULT NULL,
  `SUB_SCOPE_ID_` varchar(255) CHARACTER SET utf8mb3 COLLATE utf8mb3_bin NULL DEFAULT NULL,
  `SCOPE_TYPE_` varchar(255) CHARACTER SET utf8mb3 COLLATE utf8mb3_bin NULL DEFAULT NULL,
  `SCOPE_DEFINITION_ID_` varchar(255) CHARACTER SET utf8mb3 COLLATE utf8mb3_bin NULL DEFAULT NULL,
  `PROPAGATED_STAGE_INST_ID_` varchar(255) CHARACTER SET utf8mb3 COLLATE utf8mb3_bin NULL DEFAULT NULL,
  `NAME_` varchar(255) CHARACTER SET utf8mb3 COLLATE utf8mb3_bin NULL DEFAULT NULL,
  `PARENT_TASK_ID_` varchar(64) CHARACTER SET utf8mb3 COLLATE utf8mb3_bin NULL DEFAULT NULL,
  `DESCRIPTION_` varchar(4000) CHARACTER SET utf8mb3 COLLATE utf8mb3_bin NULL DEFAULT NULL,
  `TASK_DEF_KEY_` varchar(255) CHARACTER SET utf8mb3 COLLATE utf8mb3_bin NULL DEFAULT NULL,
  `OWNER_` varchar(255) CHARACTER SET utf8mb3 COLLATE utf8mb3_bin NULL DEFAULT NULL,
  `ASSIGNEE_` varchar(255) CHARACTER SET utf8mb3 COLLATE utf8mb3_bin NULL DEFAULT NULL,
  `DELEGATION_` varchar(64) CHARACTER SET utf8mb3 COLLATE utf8mb3_bin NULL DEFAULT NULL,
  `PRIORITY_` int NULL DEFAULT NULL,
  `CREATE_TIME_` timestamp(3) NULL DEFAULT NULL,
  `DUE_DATE_` datetime(3) NULL DEFAULT NULL,
  `CATEGORY_` varchar(255) CHARACTER SET utf8mb3 COLLATE utf8mb3_bin NULL DEFAULT NULL,
  `SUSPENSION_STATE_` int NULL DEFAULT NULL,
  `TENANT_ID_` varchar(255) CHARACTER SET utf8mb3 COLLATE utf8mb3_bin NULL DEFAULT '',
  `FORM_KEY_` varchar(255) CHARACTER SET utf8mb3 COLLATE utf8mb3_bin NULL DEFAULT NULL,
  `CLAIM_TIME_` datetime(3) NULL DEFAULT NULL,
  `IS_COUNT_ENABLED_` tinyint NULL DEFAULT NULL,
  `VAR_COUNT_` int NULL DEFAULT NULL,
  `ID_LINK_COUNT_` int NULL DEFAULT NULL,
  `SUB_TASK_COUNT_` int NULL DEFAULT NULL,
  PRIMARY KEY (`ID_`) USING BTREE,
  INDEX `ACT_IDX_TASK_CREATE`(`CREATE_TIME_` ASC) USING BTREE,
  INDEX `ACT_IDX_TASK_SCOPE`(`SCOPE_ID_` ASC, `SCOPE_TYPE_` ASC) USING BTREE,
  INDEX `ACT_IDX_TASK_SUB_SCOPE`(`SUB_SCOPE_ID_` ASC, `SCOPE_TYPE_` ASC) USING BTREE,
  INDEX `ACT_IDX_TASK_SCOPE_DEF`(`SCOPE_DEFINITION_ID_` ASC, `SCOPE_TYPE_` ASC) USING BTREE,
  INDEX `ACT_FK_TASK_EXE`(`EXECUTION_ID_` ASC) USING BTREE,
  INDEX `ACT_FK_TASK_PROCINST`(`PROC_INST_ID_` ASC) USING BTREE,
  INDEX `ACT_FK_TASK_PROCDEF`(`PROC_DEF_ID_` ASC) USING BTREE,
  CONSTRAINT `ACT_FK_TASK_EXE` FOREIGN KEY (`EXECUTION_ID_`) REFERENCES `act_ru_execution` (`ID_`) ON DELETE RESTRICT ON UPDATE RESTRICT,
  CONSTRAINT `ACT_FK_TASK_PROCDEF` FOREIGN KEY (`PROC_DEF_ID_`) REFERENCES `act_re_procdef` (`ID_`) ON DELETE RESTRICT ON UPDATE RESTRICT,
  CONSTRAINT `ACT_FK_TASK_PROCINST` FOREIGN KEY (`PROC_INST_ID_`) REFERENCES `act_ru_execution` (`ID_`) ON DELETE RESTRICT ON UPDATE RESTRICT
) ENGINE = InnoDB CHARACTER SET = utf8mb3 COLLATE = utf8mb3_bin ROW_FORMAT = Dynamic;

-- ----------------------------
-- Records of act_ru_task
-- ----------------------------

-- ----------------------------
-- Table structure for act_ru_timer_job
-- ----------------------------
DROP TABLE IF EXISTS `act_ru_timer_job`;
CREATE TABLE `act_ru_timer_job`  (
  `ID_` varchar(64) CHARACTER SET utf8mb3 COLLATE utf8mb3_bin NOT NULL,
  `REV_` int NULL DEFAULT NULL,
  `CATEGORY_` varchar(255) CHARACTER SET utf8mb3 COLLATE utf8mb3_bin NULL DEFAULT NULL,
  `TYPE_` varchar(255) CHARACTER SET utf8mb3 COLLATE utf8mb3_bin NOT NULL,
  `LOCK_EXP_TIME_` timestamp(3) NULL DEFAULT NULL,
  `LOCK_OWNER_` varchar(255) CHARACTER SET utf8mb3 COLLATE utf8mb3_bin NULL DEFAULT NULL,
  `EXCLUSIVE_` tinyint(1) NULL DEFAULT NULL,
  `EXECUTION_ID_` varchar(64) CHARACTER SET utf8mb3 COLLATE utf8mb3_bin NULL DEFAULT NULL,
  `PROCESS_INSTANCE_ID_` varchar(64) CHARACTER SET utf8mb3 COLLATE utf8mb3_bin NULL DEFAULT NULL,
  `PROC_DEF_ID_` varchar(64) CHARACTER SET utf8mb3 COLLATE utf8mb3_bin NULL DEFAULT NULL,
  `ELEMENT_ID_` varchar(255) CHARACTER SET utf8mb3 COLLATE utf8mb3_bin NULL DEFAULT NULL,
  `ELEMENT_NAME_` varchar(255) CHARACTER SET utf8mb3 COLLATE utf8mb3_bin NULL DEFAULT NULL,
  `SCOPE_ID_` varchar(255) CHARACTER SET utf8mb3 COLLATE utf8mb3_bin NULL DEFAULT NULL,
  `SUB_SCOPE_ID_` varchar(255) CHARACTER SET utf8mb3 COLLATE utf8mb3_bin NULL DEFAULT NULL,
  `SCOPE_TYPE_` varchar(255) CHARACTER SET utf8mb3 COLLATE utf8mb3_bin NULL DEFAULT NULL,
  `SCOPE_DEFINITION_ID_` varchar(255) CHARACTER SET utf8mb3 COLLATE utf8mb3_bin NULL DEFAULT NULL,
  `CORRELATION_ID_` varchar(255) CHARACTER SET utf8mb3 COLLATE utf8mb3_bin NULL DEFAULT NULL,
  `RETRIES_` int NULL DEFAULT NULL,
  `EXCEPTION_STACK_ID_` varchar(64) CHARACTER SET utf8mb3 COLLATE utf8mb3_bin NULL DEFAULT NULL,
  `EXCEPTION_MSG_` varchar(4000) CHARACTER SET utf8mb3 COLLATE utf8mb3_bin NULL DEFAULT NULL,
  `DUEDATE_` timestamp(3) NULL DEFAULT NULL,
  `REPEAT_` varchar(255) CHARACTER SET utf8mb3 COLLATE utf8mb3_bin NULL DEFAULT NULL,
  `HANDLER_TYPE_` varchar(255) CHARACTER SET utf8mb3 COLLATE utf8mb3_bin NULL DEFAULT NULL,
  `HANDLER_CFG_` varchar(4000) CHARACTER SET utf8mb3 COLLATE utf8mb3_bin NULL DEFAULT NULL,
  `CUSTOM_VALUES_ID_` varchar(64) CHARACTER SET utf8mb3 COLLATE utf8mb3_bin NULL DEFAULT NULL,
  `CREATE_TIME_` timestamp(3) NULL DEFAULT NULL,
  `TENANT_ID_` varchar(255) CHARACTER SET utf8mb3 COLLATE utf8mb3_bin NULL DEFAULT '',
  PRIMARY KEY (`ID_`) USING BTREE,
  INDEX `ACT_IDX_TIMER_JOB_EXCEPTION_STACK_ID`(`EXCEPTION_STACK_ID_` ASC) USING BTREE,
  INDEX `ACT_IDX_TIMER_JOB_CUSTOM_VALUES_ID`(`CUSTOM_VALUES_ID_` ASC) USING BTREE,
  INDEX `ACT_IDX_TIMER_JOB_CORRELATION_ID`(`CORRELATION_ID_` ASC) USING BTREE,
  INDEX `ACT_IDX_TIMER_JOB_DUEDATE`(`DUEDATE_` ASC) USING BTREE,
  INDEX `ACT_IDX_TJOB_SCOPE`(`SCOPE_ID_` ASC, `SCOPE_TYPE_` ASC) USING BTREE,
  INDEX `ACT_IDX_TJOB_SUB_SCOPE`(`SUB_SCOPE_ID_` ASC, `SCOPE_TYPE_` ASC) USING BTREE,
  INDEX `ACT_IDX_TJOB_SCOPE_DEF`(`SCOPE_DEFINITION_ID_` ASC, `SCOPE_TYPE_` ASC) USING BTREE,
  INDEX `ACT_FK_TIMER_JOB_EXECUTION`(`EXECUTION_ID_` ASC) USING BTREE,
  INDEX `ACT_FK_TIMER_JOB_PROCESS_INSTANCE`(`PROCESS_INSTANCE_ID_` ASC) USING BTREE,
  INDEX `ACT_FK_TIMER_JOB_PROC_DEF`(`PROC_DEF_ID_` ASC) USING BTREE,
  CONSTRAINT `ACT_FK_TIMER_JOB_CUSTOM_VALUES` FOREIGN KEY (`CUSTOM_VALUES_ID_`) REFERENCES `act_ge_bytearray` (`ID_`) ON DELETE RESTRICT ON UPDATE RESTRICT,
  CONSTRAINT `ACT_FK_TIMER_JOB_EXCEPTION` FOREIGN KEY (`EXCEPTION_STACK_ID_`) REFERENCES `act_ge_bytearray` (`ID_`) ON DELETE RESTRICT ON UPDATE RESTRICT,
  CONSTRAINT `ACT_FK_TIMER_JOB_EXECUTION` FOREIGN KEY (`EXECUTION_ID_`) REFERENCES `act_ru_execution` (`ID_`) ON DELETE RESTRICT ON UPDATE RESTRICT,
  CONSTRAINT `ACT_FK_TIMER_JOB_PROC_DEF` FOREIGN KEY (`PROC_DEF_ID_`) REFERENCES `act_re_procdef` (`ID_`) ON DELETE RESTRICT ON UPDATE RESTRICT,
  CONSTRAINT `ACT_FK_TIMER_JOB_PROCESS_INSTANCE` FOREIGN KEY (`PROCESS_INSTANCE_ID_`) REFERENCES `act_ru_execution` (`ID_`) ON DELETE RESTRICT ON UPDATE RESTRICT
) ENGINE = InnoDB CHARACTER SET = utf8mb3 COLLATE = utf8mb3_bin ROW_FORMAT = Dynamic;

-- ----------------------------
-- Records of act_ru_timer_job
-- ----------------------------

-- ----------------------------
-- Table structure for act_ru_variable
-- ----------------------------
DROP TABLE IF EXISTS `act_ru_variable`;
CREATE TABLE `act_ru_variable`  (
  `ID_` varchar(64) CHARACTER SET utf8mb3 COLLATE utf8mb3_bin NOT NULL,
  `REV_` int NULL DEFAULT NULL,
  `TYPE_` varchar(255) CHARACTER SET utf8mb3 COLLATE utf8mb3_bin NOT NULL,
  `NAME_` varchar(255) CHARACTER SET utf8mb3 COLLATE utf8mb3_bin NOT NULL,
  `EXECUTION_ID_` varchar(64) CHARACTER SET utf8mb3 COLLATE utf8mb3_bin NULL DEFAULT NULL,
  `PROC_INST_ID_` varchar(64) CHARACTER SET utf8mb3 COLLATE utf8mb3_bin NULL DEFAULT NULL,
  `TASK_ID_` varchar(64) CHARACTER SET utf8mb3 COLLATE utf8mb3_bin NULL DEFAULT NULL,
  `SCOPE_ID_` varchar(255) CHARACTER SET utf8mb3 COLLATE utf8mb3_bin NULL DEFAULT NULL,
  `SUB_SCOPE_ID_` varchar(255) CHARACTER SET utf8mb3 COLLATE utf8mb3_bin NULL DEFAULT NULL,
  `SCOPE_TYPE_` varchar(255) CHARACTER SET utf8mb3 COLLATE utf8mb3_bin NULL DEFAULT NULL,
  `BYTEARRAY_ID_` varchar(64) CHARACTER SET utf8mb3 COLLATE utf8mb3_bin NULL DEFAULT NULL,
  `DOUBLE_` double NULL DEFAULT NULL,
  `LONG_` bigint NULL DEFAULT NULL,
  `TEXT_` varchar(4000) CHARACTER SET utf8mb3 COLLATE utf8mb3_bin NULL DEFAULT NULL,
  `TEXT2_` varchar(4000) CHARACTER SET utf8mb3 COLLATE utf8mb3_bin NULL DEFAULT NULL,
  PRIMARY KEY (`ID_`) USING BTREE,
  INDEX `ACT_IDX_RU_VAR_SCOPE_ID_TYPE`(`SCOPE_ID_` ASC, `SCOPE_TYPE_` ASC) USING BTREE,
  INDEX `ACT_IDX_RU_VAR_SUB_ID_TYPE`(`SUB_SCOPE_ID_` ASC, `SCOPE_TYPE_` ASC) USING BTREE,
  INDEX `ACT_FK_VAR_BYTEARRAY`(`BYTEARRAY_ID_` ASC) USING BTREE,
  INDEX `ACT_IDX_VARIABLE_TASK_ID`(`TASK_ID_` ASC) USING BTREE,
  INDEX `ACT_FK_VAR_EXE`(`EXECUTION_ID_` ASC) USING BTREE,
  INDEX `ACT_FK_VAR_PROCINST`(`PROC_INST_ID_` ASC) USING BTREE,
  CONSTRAINT `ACT_FK_VAR_BYTEARRAY` FOREIGN KEY (`BYTEARRAY_ID_`) REFERENCES `act_ge_bytearray` (`ID_`) ON DELETE RESTRICT ON UPDATE RESTRICT,
  CONSTRAINT `ACT_FK_VAR_EXE` FOREIGN KEY (`EXECUTION_ID_`) REFERENCES `act_ru_execution` (`ID_`) ON DELETE RESTRICT ON UPDATE RESTRICT,
  CONSTRAINT `ACT_FK_VAR_PROCINST` FOREIGN KEY (`PROC_INST_ID_`) REFERENCES `act_ru_execution` (`ID_`) ON DELETE RESTRICT ON UPDATE RESTRICT
) ENGINE = InnoDB CHARACTER SET = utf8mb3 COLLATE = utf8mb3_bin ROW_FORMAT = Dynamic;

-- ----------------------------
-- Records of act_ru_variable
-- ----------------------------

-- ----------------------------
-- Table structure for flw_channel_definition
-- ----------------------------
DROP TABLE IF EXISTS `flw_channel_definition`;
CREATE TABLE `flw_channel_definition`  (
  `ID_` varchar(255) CHARACTER SET utf8mb4 COLLATE utf8mb4_0900_ai_ci NOT NULL,
  `NAME_` varchar(255) CHARACTER SET utf8mb4 COLLATE utf8mb4_0900_ai_ci NULL DEFAULT NULL,
  `VERSION_` int NULL DEFAULT NULL,
  `KEY_` varchar(255) CHARACTER SET utf8mb4 COLLATE utf8mb4_0900_ai_ci NULL DEFAULT NULL,
  `CATEGORY_` varchar(255) CHARACTER SET utf8mb4 COLLATE utf8mb4_0900_ai_ci NULL DEFAULT NULL,
  `DEPLOYMENT_ID_` varchar(255) CHARACTER SET utf8mb4 COLLATE utf8mb4_0900_ai_ci NULL DEFAULT NULL,
  `CREATE_TIME_` datetime(3) NULL DEFAULT NULL,
  `TENANT_ID_` varchar(255) CHARACTER SET utf8mb4 COLLATE utf8mb4_0900_ai_ci NULL DEFAULT NULL,
  `RESOURCE_NAME_` varchar(255) CHARACTER SET utf8mb4 COLLATE utf8mb4_0900_ai_ci NULL DEFAULT NULL,
  `DESCRIPTION_` varchar(255) CHARACTER SET utf8mb4 COLLATE utf8mb4_0900_ai_ci NULL DEFAULT NULL,
  `TYPE_` varchar(255) CHARACTER SET utf8mb4 COLLATE utf8mb4_0900_ai_ci NULL DEFAULT NULL,
  `IMPLEMENTATION_` varchar(255) CHARACTER SET utf8mb4 COLLATE utf8mb4_0900_ai_ci NULL DEFAULT NULL,
  PRIMARY KEY (`ID_`) USING BTREE,
  UNIQUE INDEX `ACT_IDX_CHANNEL_DEF_UNIQ`(`KEY_` ASC, `VERSION_` ASC, `TENANT_ID_` ASC) USING BTREE
) ENGINE = InnoDB CHARACTER SET = utf8mb4 COLLATE = utf8mb4_0900_ai_ci ROW_FORMAT = Dynamic;

-- ----------------------------
-- Records of flw_channel_definition
-- ----------------------------

-- ----------------------------
-- Table structure for flw_ev_databasechangelog
-- ----------------------------
DROP TABLE IF EXISTS `flw_ev_databasechangelog`;
CREATE TABLE `flw_ev_databasechangelog`  (
  `ID` varchar(255) CHARACTER SET utf8mb4 COLLATE utf8mb4_0900_ai_ci NOT NULL,
  `AUTHOR` varchar(255) CHARACTER SET utf8mb4 COLLATE utf8mb4_0900_ai_ci NOT NULL,
  `FILENAME` varchar(255) CHARACTER SET utf8mb4 COLLATE utf8mb4_0900_ai_ci NOT NULL,
  `DATEEXECUTED` datetime NOT NULL,
  `ORDEREXECUTED` int NOT NULL,
  `EXECTYPE` varchar(10) CHARACTER SET utf8mb4 COLLATE utf8mb4_0900_ai_ci NOT NULL,
  `MD5SUM` varchar(35) CHARACTER SET utf8mb4 COLLATE utf8mb4_0900_ai_ci NULL DEFAULT NULL,
  `DESCRIPTION` varchar(255) CHARACTER SET utf8mb4 COLLATE utf8mb4_0900_ai_ci NULL DEFAULT NULL,
  `COMMENTS` varchar(255) CHARACTER SET utf8mb4 COLLATE utf8mb4_0900_ai_ci NULL DEFAULT NULL,
  `TAG` varchar(255) CHARACTER SET utf8mb4 COLLATE utf8mb4_0900_ai_ci NULL DEFAULT NULL,
  `LIQUIBASE` varchar(20) CHARACTER SET utf8mb4 COLLATE utf8mb4_0900_ai_ci NULL DEFAULT NULL,
  `CONTEXTS` varchar(255) CHARACTER SET utf8mb4 COLLATE utf8mb4_0900_ai_ci NULL DEFAULT NULL,
  `LABELS` varchar(255) CHARACTER SET utf8mb4 COLLATE utf8mb4_0900_ai_ci NULL DEFAULT NULL,
  `DEPLOYMENT_ID` varchar(10) CHARACTER SET utf8mb4 COLLATE utf8mb4_0900_ai_ci NULL DEFAULT NULL
) ENGINE = InnoDB CHARACTER SET = utf8mb4 COLLATE = utf8mb4_0900_ai_ci ROW_FORMAT = Dynamic;

-- ----------------------------
-- Records of flw_ev_databasechangelog
-- ----------------------------
INSERT INTO `flw_ev_databasechangelog` VALUES ('1', 'flowable', 'org/flowable/eventregistry/db/liquibase/flowable-eventregistry-db-changelog.xml', '2023-08-31 22:02:03', 1, 'EXECUTED', '8:1b0c48c9cf7945be799d868a2626d687', 'createTable tableName=FLW_EVENT_DEPLOYMENT; createTable tableName=FLW_EVENT_RESOURCE; createTable tableName=FLW_EVENT_DEFINITION; createIndex indexName=ACT_IDX_EVENT_DEF_UNIQ, tableName=FLW_EVENT_DEFINITION; createTable tableName=FLW_CHANNEL_DEFIN...', '', NULL, '4.5.0', NULL, NULL, '3490521785');
INSERT INTO `flw_ev_databasechangelog` VALUES ('2', 'flowable', 'org/flowable/eventregistry/db/liquibase/flowable-eventregistry-db-changelog.xml', '2023-08-31 22:02:03', 2, 'EXECUTED', '8:0ea825feb8e470558f0b5754352b9cda', 'addColumn tableName=FLW_CHANNEL_DEFINITION; addColumn tableName=FLW_CHANNEL_DEFINITION', '', NULL, '4.5.0', NULL, NULL, '3490521785');
INSERT INTO `flw_ev_databasechangelog` VALUES ('3', 'flowable', 'org/flowable/eventregistry/db/liquibase/flowable-eventregistry-db-changelog.xml', '2023-08-31 22:02:03', 3, 'EXECUTED', '8:3c2bb293350b5cbe6504331980c9dcee', 'customChange', '', NULL, '4.5.0', NULL, NULL, '3490521785');

-- ----------------------------
-- Table structure for flw_ev_databasechangeloglock
-- ----------------------------
DROP TABLE IF EXISTS `flw_ev_databasechangeloglock`;
CREATE TABLE `flw_ev_databasechangeloglock`  (
  `ID` int NOT NULL,
  `LOCKED` bit(1) NOT NULL,
  `LOCKGRANTED` datetime NULL DEFAULT NULL,
  `LOCKEDBY` varchar(255) CHARACTER SET utf8mb4 COLLATE utf8mb4_0900_ai_ci NULL DEFAULT NULL,
  PRIMARY KEY (`ID`) USING BTREE
) ENGINE = InnoDB CHARACTER SET = utf8mb4 COLLATE = utf8mb4_0900_ai_ci ROW_FORMAT = Dynamic;

-- ----------------------------
-- Records of flw_ev_databasechangeloglock
-- ----------------------------
INSERT INTO `flw_ev_databasechangeloglock` VALUES (1, b'0', NULL, NULL);

-- ----------------------------
-- Table structure for flw_event_definition
-- ----------------------------
DROP TABLE IF EXISTS `flw_event_definition`;
CREATE TABLE `flw_event_definition`  (
  `ID_` varchar(255) CHARACTER SET utf8mb4 COLLATE utf8mb4_0900_ai_ci NOT NULL,
  `NAME_` varchar(255) CHARACTER SET utf8mb4 COLLATE utf8mb4_0900_ai_ci NULL DEFAULT NULL,
  `VERSION_` int NULL DEFAULT NULL,
  `KEY_` varchar(255) CHARACTER SET utf8mb4 COLLATE utf8mb4_0900_ai_ci NULL DEFAULT NULL,
  `CATEGORY_` varchar(255) CHARACTER SET utf8mb4 COLLATE utf8mb4_0900_ai_ci NULL DEFAULT NULL,
  `DEPLOYMENT_ID_` varchar(255) CHARACTER SET utf8mb4 COLLATE utf8mb4_0900_ai_ci NULL DEFAULT NULL,
  `TENANT_ID_` varchar(255) CHARACTER SET utf8mb4 COLLATE utf8mb4_0900_ai_ci NULL DEFAULT NULL,
  `RESOURCE_NAME_` varchar(255) CHARACTER SET utf8mb4 COLLATE utf8mb4_0900_ai_ci NULL DEFAULT NULL,
  `DESCRIPTION_` varchar(255) CHARACTER SET utf8mb4 COLLATE utf8mb4_0900_ai_ci NULL DEFAULT NULL,
  PRIMARY KEY (`ID_`) USING BTREE,
  UNIQUE INDEX `ACT_IDX_EVENT_DEF_UNIQ`(`KEY_` ASC, `VERSION_` ASC, `TENANT_ID_` ASC) USING BTREE
) ENGINE = InnoDB CHARACTER SET = utf8mb4 COLLATE = utf8mb4_0900_ai_ci ROW_FORMAT = Dynamic;

-- ----------------------------
-- Records of flw_event_definition
-- ----------------------------

-- ----------------------------
-- Table structure for flw_event_deployment
-- ----------------------------
DROP TABLE IF EXISTS `flw_event_deployment`;
CREATE TABLE `flw_event_deployment`  (
  `ID_` varchar(255) CHARACTER SET utf8mb4 COLLATE utf8mb4_0900_ai_ci NOT NULL,
  `NAME_` varchar(255) CHARACTER SET utf8mb4 COLLATE utf8mb4_0900_ai_ci NULL DEFAULT NULL,
  `CATEGORY_` varchar(255) CHARACTER SET utf8mb4 COLLATE utf8mb4_0900_ai_ci NULL DEFAULT NULL,
  `DEPLOY_TIME_` datetime(3) NULL DEFAULT NULL,
  `TENANT_ID_` varchar(255) CHARACTER SET utf8mb4 COLLATE utf8mb4_0900_ai_ci NULL DEFAULT NULL,
  `PARENT_DEPLOYMENT_ID_` varchar(255) CHARACTER SET utf8mb4 COLLATE utf8mb4_0900_ai_ci NULL DEFAULT NULL,
  PRIMARY KEY (`ID_`) USING BTREE
) ENGINE = InnoDB CHARACTER SET = utf8mb4 COLLATE = utf8mb4_0900_ai_ci ROW_FORMAT = Dynamic;

-- ----------------------------
-- Records of flw_event_deployment
-- ----------------------------

-- ----------------------------
-- Table structure for flw_event_resource
-- ----------------------------
DROP TABLE IF EXISTS `flw_event_resource`;
CREATE TABLE `flw_event_resource`  (
  `ID_` varchar(255) CHARACTER SET utf8mb4 COLLATE utf8mb4_0900_ai_ci NOT NULL,
  `NAME_` varchar(255) CHARACTER SET utf8mb4 COLLATE utf8mb4_0900_ai_ci NULL DEFAULT NULL,
  `DEPLOYMENT_ID_` varchar(255) CHARACTER SET utf8mb4 COLLATE utf8mb4_0900_ai_ci NULL DEFAULT NULL,
  `RESOURCE_BYTES_` longblob NULL,
  PRIMARY KEY (`ID_`) USING BTREE
) ENGINE = InnoDB CHARACTER SET = utf8mb4 COLLATE = utf8mb4_0900_ai_ci ROW_FORMAT = Dynamic;

-- ----------------------------
-- Records of flw_event_resource
-- ----------------------------

-- ----------------------------
-- Table structure for flw_ru_batch
-- ----------------------------
DROP TABLE IF EXISTS `flw_ru_batch`;
CREATE TABLE `flw_ru_batch`  (
  `ID_` varchar(64) CHARACTER SET utf8mb3 COLLATE utf8mb3_bin NOT NULL,
  `REV_` int NULL DEFAULT NULL,
  `TYPE_` varchar(64) CHARACTER SET utf8mb3 COLLATE utf8mb3_bin NOT NULL,
  `SEARCH_KEY_` varchar(255) CHARACTER SET utf8mb3 COLLATE utf8mb3_bin NULL DEFAULT NULL,
  `SEARCH_KEY2_` varchar(255) CHARACTER SET utf8mb3 COLLATE utf8mb3_bin NULL DEFAULT NULL,
  `CREATE_TIME_` datetime(3) NOT NULL,
  `COMPLETE_TIME_` datetime(3) NULL DEFAULT NULL,
  `STATUS_` varchar(255) CHARACTER SET utf8mb3 COLLATE utf8mb3_bin NULL DEFAULT NULL,
  `BATCH_DOC_ID_` varchar(64) CHARACTER SET utf8mb3 COLLATE utf8mb3_bin NULL DEFAULT NULL,
  `TENANT_ID_` varchar(255) CHARACTER SET utf8mb3 COLLATE utf8mb3_bin NULL DEFAULT '',
  PRIMARY KEY (`ID_`) USING BTREE
) ENGINE = InnoDB CHARACTER SET = utf8mb3 COLLATE = utf8mb3_bin ROW_FORMAT = Dynamic;

-- ----------------------------
-- Records of flw_ru_batch
-- ----------------------------

-- ----------------------------
-- Table structure for flw_ru_batch_part
-- ----------------------------
DROP TABLE IF EXISTS `flw_ru_batch_part`;
CREATE TABLE `flw_ru_batch_part`  (
  `ID_` varchar(64) CHARACTER SET utf8mb3 COLLATE utf8mb3_bin NOT NULL,
  `REV_` int NULL DEFAULT NULL,
  `BATCH_ID_` varchar(64) CHARACTER SET utf8mb3 COLLATE utf8mb3_bin NULL DEFAULT NULL,
  `TYPE_` varchar(64) CHARACTER SET utf8mb3 COLLATE utf8mb3_bin NOT NULL,
  `SCOPE_ID_` varchar(64) CHARACTER SET utf8mb3 COLLATE utf8mb3_bin NULL DEFAULT NULL,
  `SUB_SCOPE_ID_` varchar(64) CHARACTER SET utf8mb3 COLLATE utf8mb3_bin NULL DEFAULT NULL,
  `SCOPE_TYPE_` varchar(64) CHARACTER SET utf8mb3 COLLATE utf8mb3_bin NULL DEFAULT NULL,
  `SEARCH_KEY_` varchar(255) CHARACTER SET utf8mb3 COLLATE utf8mb3_bin NULL DEFAULT NULL,
  `SEARCH_KEY2_` varchar(255) CHARACTER SET utf8mb3 COLLATE utf8mb3_bin NULL DEFAULT NULL,
  `CREATE_TIME_` datetime(3) NOT NULL,
  `COMPLETE_TIME_` datetime(3) NULL DEFAULT NULL,
  `STATUS_` varchar(255) CHARACTER SET utf8mb3 COLLATE utf8mb3_bin NULL DEFAULT NULL,
  `RESULT_DOC_ID_` varchar(64) CHARACTER SET utf8mb3 COLLATE utf8mb3_bin NULL DEFAULT NULL,
  `TENANT_ID_` varchar(255) CHARACTER SET utf8mb3 COLLATE utf8mb3_bin NULL DEFAULT '',
  PRIMARY KEY (`ID_`) USING BTREE,
  INDEX `FLW_IDX_BATCH_PART`(`BATCH_ID_` ASC) USING BTREE,
  CONSTRAINT `FLW_FK_BATCH_PART_PARENT` FOREIGN KEY (`BATCH_ID_`) REFERENCES `flw_ru_batch` (`ID_`) ON DELETE RESTRICT ON UPDATE RESTRICT
) ENGINE = InnoDB CHARACTER SET = utf8mb3 COLLATE = utf8mb3_bin ROW_FORMAT = Dynamic;

-- ----------------------------
-- Records of flw_ru_batch_part
-- ----------------------------

-- ----------------------------
-- Table structure for sys_deploy_form
-- ----------------------------
DROP TABLE IF EXISTS `sys_deploy_form`;
CREATE TABLE `sys_deploy_form`  (
  `id` bigint NOT NULL AUTO_INCREMENT COMMENT '主键',
  `form_id` bigint NULL DEFAULT NULL COMMENT '表单主键',
  `deploy_id` varchar(50) CHARACTER SET utf8mb4 COLLATE utf8mb4_0900_ai_ci NULL DEFAULT NULL COMMENT '流程实例主键',
  PRIMARY KEY (`id`) USING BTREE
) ENGINE = InnoDB AUTO_INCREMENT = 14 CHARACTER SET = utf8mb4 COLLATE = utf8mb4_0900_ai_ci COMMENT = '流程实例关联表单' ROW_FORMAT = DYNAMIC;

-- ----------------------------
-- Records of sys_deploy_form
-- ----------------------------
INSERT INTO `sys_deploy_form` VALUES (19, 9, '7ce6e32c-48c4-11ee-950a-58112292f651');

-- ----------------------------
-- Table structure for sys_form
-- ----------------------------
DROP TABLE IF EXISTS `sys_form`;
CREATE TABLE `sys_form`  (
  `form_id` bigint NOT NULL AUTO_INCREMENT COMMENT '表单主键',
  `form_name` varchar(50) CHARACTER SET utf8mb4 COLLATE utf8mb4_0900_ai_ci NULL DEFAULT NULL COMMENT '表单名称',
  `form_content` longtext CHARACTER SET utf8mb4 COLLATE utf8mb4_0900_ai_ci NULL COMMENT '表单内容',
  `create_time` datetime NULL DEFAULT NULL COMMENT '创建时间',
  `update_time` datetime NULL DEFAULT NULL COMMENT '更新时间',
  `create_by` bigint NULL DEFAULT NULL COMMENT '创建人员',
  `update_by` bigint NULL DEFAULT NULL COMMENT '更新人员',
  `remark` varchar(255) CHARACTER SET utf8mb4 COLLATE utf8mb4_0900_ai_ci NULL DEFAULT NULL COMMENT '备注',
  PRIMARY KEY (`form_id`) USING BTREE
) ENGINE = InnoDB AUTO_INCREMENT = 9 CHARACTER SET = utf8mb4 COLLATE = utf8mb4_0900_ai_ci COMMENT = '流程表单' ROW_FORMAT = DYNAMIC;

-- ----------------------------
-- Records of sys_form
-- ----------------------------
INSERT INTO `sys_form` VALUES (9, 'NPI订单评审', '{\"fields\":[{\"__config__\":{\"label\":\"完整型号\",\"labelWidth\":null,\"showLabel\":true,\"changeTag\":true,\"tag\":\"el-input\",\"tagIcon\":\"input\",\"required\":true,\"layout\":\"colFormItem\",\"span\":8,\"document\":\"https://element.eleme.cn/#/zh-CN/component/input\",\"regList\":[],\"formId\":104,\"renderKey\":\"1041691372016649\"},\"__slot__\":{\"prepend\":\"\",\"append\":\"\"},\"placeholder\":\"\",\"style\":{\"width\":\"100%\"},\"clearable\":true,\"prefix-icon\":\"\",\"suffix-icon\":\"\",\"maxlength\":null,\"show-word-limit\":false,\"readonly\":false,\"disabled\":false,\"__vModel__\":\"mfg\"},{\"__config__\":{\"label\":\"客户代码\",\"labelWidth\":null,\"showLabel\":true,\"changeTag\":true,\"tag\":\"el-input\",\"tagIcon\":\"input\",\"required\":true,\"layout\":\"colFormItem\",\"span\":8,\"document\":\"https://element.eleme.cn/#/zh-CN/component/input\",\"regList\":[],\"formId\":102,\"renderKey\":\"1021691371992781\"},\"__slot__\":{\"prepend\":\"\",\"append\":\"\"},\"placeholder\":\"\",\"style\":{\"width\":\"100%\"},\"clearable\":true,\"prefix-icon\":\"\",\"suffix-icon\":\"\",\"maxlength\":null,\"show-word-limit\":false,\"readonly\":false,\"disabled\":false,\"__vModel__\":\"custCode\"},{\"__config__\":{\"label\":\"面积(M2)\",\"labelWidth\":null,\"showLabel\":true,\"changeTag\":true,\"tag\":\"el-input\",\"tagIcon\":\"input\",\"required\":true,\"layout\":\"colFormItem\",\"span\":8,\"document\":\"https://element.eleme.cn/#/zh-CN/component/input\",\"regList\":[],\"formId\":103,\"renderKey\":\"1031691372003497\"},\"__slot__\":{\"prepend\":\"\",\"append\":\"\"},\"placeholder\":\"\",\"style\":{\"width\":\"100%\"},\"clearable\":true,\"prefix-icon\":\"\",\"suffix-icon\":\"\",\"maxlength\":null,\"show-word-limit\":false,\"readonly\":false,\"disabled\":false,\"__vModel__\":\"orderArea\"},{\"__config__\":{\"label\":\"厂别\",\"showLabel\":true,\"labelWidth\":null,\"tag\":\"el-select\",\"tagIcon\":\"select\",\"layout\":\"colFormItem\",\"span\":10,\"required\":true,\"regList\":[],\"changeTag\":true,\"document\":\"https://element.eleme.cn/#/zh-CN/component/select\",\"formId\":101,\"renderKey\":\"1011693571508835\"},\"__slot__\":{\"options\":[{\"label\":\"一\",\"value\":1},{\"label\":\"二\",\"value\":2}]},\"placeholder\":\"请选择厂别\",\"style\":{\"width\":\"100%\"},\"clearable\":true,\"disabled\":false,\"filterable\":false,\"multiple\":false,\"__vModel__\":\"plant\"},{\"__config__\":{\"label\":\"备注\",\"labelWidth\":null,\"showLabel\":true,\"tag\":\"el-input\",\"tagIcon\":\"textarea\",\"required\":false,\"layout\":\"colFormItem\",\"span\":24,\"regList\":[],\"changeTag\":true,\"document\":\"https://element.eleme.cn/#/zh-CN/component/input\",\"formId\":102,\"renderKey\":\"1021691372805216\"},\"type\":\"textarea\",\"placeholder\":\"\",\"autosize\":{\"minRows\":4,\"maxRows\":4},\"style\":{\"width\":\"100%\"},\"maxlength\":null,\"show-word-limit\":true,\"readonly\":false,\"disabled\":false,\"__vModel__\":\"remarks\"},{\"__config__\":{\"label\":\"修改技术等级ERP账号\",\"labelWidth\":200,\"showLabel\":true,\"changeTag\":true,\"tag\":\"el-input\",\"tagIcon\":\"input\",\"required\":false,\"layout\":\"colFormItem\",\"span\":10,\"document\":\"https://element.eleme.cn/#/zh-CN/component/input\",\"regList\":[],\"formId\":101,\"renderKey\":\"1011691373433375\"},\"__slot__\":{\"prepend\":\"\",\"append\":\"\"},\"placeholder\":\"\",\"style\":{\"width\":\"100%\"},\"clearable\":true,\"prefix-icon\":\"\",\"suffix-icon\":\"\",\"maxlength\":null,\"show-word-limit\":false,\"readonly\":false,\"disabled\":false,\"__vModel__\":\"userErp\"},{\"__config__\":{\"label\":\"修改技术等级\",\"labelWidth\":null,\"showLabel\":true,\"tag\":\"el-radio-group\",\"tagIcon\":\"radio\",\"changeTag\":true,\"layout\":\"colFormItem\",\"span\":14,\"optionType\":\"default\",\"regList\":[],\"required\":false,\"border\":false,\"document\":\"https://element.eleme.cn/#/zh-CN/component/radio\",\"formId\":105,\"renderKey\":\"1051691372166619\",\"defaultValue\":\"\"},\"__slot__\":{\"options\":[{\"label\":\"EVT新单\",\"value\":1},{\"label\":\"DVT返单样品\",\"value\":2},{\"label\":\"PVT小批次\",\"value\":3},{\"label\":\"MP批量\",\"value\":4}]},\"style\":{},\"size\":\"medium\",\"disabled\":false,\"__vModel__\":\"technicalLevel\"},{\"__config__\":{\"label\":\"附件\",\"tag\":\"el-upload\",\"tagIcon\":\"upload\",\"layout\":\"colFormItem\",\"defaultValue\":null,\"showLabel\":true,\"labelWidth\":null,\"required\":false,\"span\":24,\"showTip\":true,\"buttonText\":\"点击上传\",\"regList\":[],\"changeTag\":true,\"fileSize\":20,\"sizeUnit\":\"MB\",\"document\":\"https://element.eleme.cn/#/zh-CN/component/upload\",\"formId\":101,\"renderKey\":\"1011691372583603\"},\"__slot__\":{\"list-type\":true},\"action\":\"http://localhost/dev-api/flowable/form/upload\",\"disabled\":false,\"accept\":\"\",\"name\":\"files\",\"auto-upload\":true,\"list-type\":\"text\",\"clear-files\":false,\"multiple\":false,\"__vModel__\":\"files\"}],\"formRef\":\"elForm\",\"formModel\":\"formData\",\"size\":\"small\",\"labelPosition\":\"top\",\"labelWidth\":100,\"formRules\":\"rules\",\"gutter\":24,\"disabled\":false,\"span\":10,\"formBtns\":true}', '2023-08-07 09:38:12', '2023-09-01 20:32:23', NULL, NULL, 'NPI订单评审');

-- ----------------------------
-- Table structure for sys_process_title
-- ----------------------------
DROP TABLE IF EXISTS `sys_process_title`;
CREATE TABLE `sys_process_title`  (
  `id` bigint NOT NULL AUTO_INCREMENT COMMENT '主键',
  `proc_ins_id` varchar(100) CHARACTER SET utf8mb4 COLLATE utf8mb4_0900_ai_ci NULL DEFAULT NULL COMMENT '流程实例ID',
  `process_title` varchar(255) CHARACTER SET utf8mb4 COLLATE utf8mb4_0900_ai_ci NULL DEFAULT NULL COMMENT '流程标题',
  PRIMARY KEY (`id`) USING BTREE
) ENGINE = InnoDB AUTO_INCREMENT = 475 CHARACTER SET = utf8mb4 COLLATE = utf8mb4_0900_ai_ci ROW_FORMAT = Dynamic;

-- ----------------------------
-- Records of sys_process_title
-- ----------------------------
INSERT INTO `sys_process_title` VALUES (2, '712e67d2-4889-11ee-9429-58112292f651', '测试123');
INSERT INTO `sys_process_title` VALUES (3, '6b79974c-48c2-11ee-950a-58112292f651', 'test123');
INSERT INTO `sys_process_title` VALUES (7, 'd3223c40-48c4-11ee-950a-58112292f651', '111111');
INSERT INTO `sys_process_title` VALUES (8, 'f87ebffe-48c4-11ee-950a-58112292f651', '2222');

-- ----------------------------
-- Table structure for sys_task_form
-- ----------------------------
DROP TABLE IF EXISTS `sys_task_form`;
CREATE TABLE `sys_task_form`  (
  `id` bigint NOT NULL AUTO_INCREMENT COMMENT '主键',
  `form_id` bigint NULL DEFAULT NULL COMMENT '表单主键',
  `task_id` varchar(50) CHARACTER SET utf8mb4 COLLATE utf8mb4_0900_ai_ci NULL DEFAULT NULL COMMENT '所属任务',
  PRIMARY KEY (`id`) USING BTREE
) ENGINE = InnoDB AUTO_INCREMENT = 1 CHARACTER SET = utf8mb4 COLLATE = utf8mb4_0900_ai_ci COMMENT = '流程任务关联表单' ROW_FORMAT = DYNAMIC;

-- ----------------------------
-- Records of sys_task_form
-- ----------------------------

SET FOREIGN_KEY_CHECKS = 1;
